year, month, day
1849, 6, 21
1849, 7, 16
1849, 8, 20
1849, 10, 8
1849, 11, 15
1849, 12, 14
1849, 12, 31
1850, 3, 3
1850, 5, 18
1850, 6, 13
1850, 7, 6
1850, 8, 2
1850, 9, 9
1850, 9, 20
1850, 9, 23
1850, 10, 16
1850, 10, 20
1850, 11, 4
1850, 11, 24
1850, 11, 26
1850, 11, 27
1850, 12, 1
1850, 12, 31
1851, 1, 18
1851, 1, 21
1851, 1, 28
1851, 3, 16
1851, 3, 26
1851, 3, 26
1851, 4, 12
1851, 5, 4
1851, 5, 21
1851, 6, 1
1851, 6, 22
1851, 7, 12
1851, 8, 9
1851, 8, 25
1851, 10, 25
1851, 11, 9
1851, 11, 11
1851, 12, 30
1852, 1, 24
1852, 2, 1
1852, 2, 23
1852, 4, 26
1852, 4, 29
1852, 7, 24
1852, 9, 2
1852, 9, 13
1852, 11, 3
1852, 11, 3
1852, 12, 24
1853, 2, 1
1853, 3, 25
1853, 6, 13
1853, 7, 5
1853, 8, 1
1853, 8, 1
1853, 8, 3
1853, 9, 12
1853, 9, 18
1853, 9, 18
1853, 10, 10
1853, 11, 3
1853, 12, 2
1853, 12, 20
1854, 1, 18
1854, 3, 16
1854, 4, 5
1854, 5, 11
1854, 5, 15
1854, 5, 20
1854, 5, 22
1854, 6, 4
1854, 6, 5
1854, 6, 9
1854, 7, 7
1854, 8, 22
1854, 9, 8
1854, 9, 14
1854, 10, 1
1854, 10, 11
1855, 1, 14
1855, 1, 25
1855, 1, 28
1855, 4, 20
1855, 6, 2
1855, 6, 2
1855, 7, 10
1855, 7, 28
1855, 8, 21
1855, 10, 24
1855, 11, 17
1855, 11, 29
1855, 12, 21
1856, 1, 22
1856, 2, 1
1856, 4, 18
1856, 5, 3
1856, 5, 13
1856, 5, 15
1856, 5, 26
1856, 7, 5
1856, 7, 5
1856, 7, 18
1856, 10, 9
1857, 1, 20
1857, 1, 28
1857, 3, 4
1857, 3, 8
1857, 3, 16
1857, 3, 21
1857, 7, 6
1857, 7, 20
1857, 7, 28
1857, 7, 29
1857, 9, 28
1857, 12, 3
1857, 12, 13
1857, 12, 22
1858, 6, 4
1858, 7, 1
1858, 7, 1
1858, 7, 13
1858, 8, 1
1858, 11, 5
1858, 11, 29
1858, 12, 8
1859, 1, 23
1859, 2, 7
1859, 2, 14
1859, 2, 18
1859, 3, 5
1859, 3, 8
1859, 7, 7
1859, 8, 16
1859, 10, 26
1859, 11, 10
1859, 11, 29
1859, 12, 6
1859, 12, 16
1860, 1, 1
1860, 2, 21
1860, 5, 18
1860, 8, 7
1860, 10, 23
1860, 10, 23
1860, 10, 23
1860, 10, 31
1860, 12, 1
1860, 12, 15
1861, 1, 1
1861, 3, 1
1861, 4, 20
1861, 10, 29
1861, 11, 7
1862, 1, 13
1862, 3, 1
1862, 3, 10
1862, 3, 17
1862, 3, 23
1862, 3, 23
1862, 4, 6
1862, 4, 7
1862, 5, 7
1862, 7, 17
1862, 9, 1
1862, 10, 22
1862, 11, 30
1863, 1, 18
1863, 5, 3
1863, 6, 4
1863, 6, 4
1863, 6, 4
1863, 6, 10
1863, 6, 14
1863, 7, 2
1863, 7, 8
1863, 8, 1
1863, 8, 22
1863, 8, 30
1863, 9, 11
1863, 11, 2
1864, 2, 14
1864, 2, 24
1864, 3, 1
1864, 7, 6
1864, 8, 3
1864, 9, 1
1864, 9, 15
1865, 1, 13
1865, 1, 31
1865, 3, 1
1865, 3, 15
1865, 3, 28
1865, 4, 18
1865, 6, 3
1865, 7, 7
1865, 7, 7
1865, 7, 7
1865, 10, 17
1865, 11, 5
1866, 1, 20
1866, 5, 23
1866, 7, 18
1866, 8, 20
1866, 12, 10
1867, 3, 25
1867, 7, 11
1867, 10, 1
1867, 10, 6
1867, 10, 9
1867, 12, 15
1867, 12, 25
1868, 5, 30
1868, 5, 30
1868, 6, 11
1868, 8, 25
1868, 10, 21
1868, 11, 8
1868, 12, 1
1868, 12, 13
1868, 12, 15
1868, 12, 25
1869, 1, 22
1869, 1, 24
1869, 2, 23
1869, 3, 2
1869, 3, 10
1869, 4, 3
1869, 4, 6
1869, 4, 20
1869, 7, 15
1869, 7, 20
1869, 9, 23
1869, 9, 23
1869, 10, 14
1869, 10, 18
1869, 11, 3
1869, 11, 4
1869, 11, 8
1869, 11, 15
1869, 11, 15
1869, 11, 25
1869, 12, 15
1870, 1, 13
1870, 1, 23
1870, 2, 8
1870, 3, 10
1870, 3, 11
1870, 7, 4
1870, 7, 30
1870, 9, 4
1870, 10, 21
1870, 11, 3
1870, 11, 26
1870, 12, 12
1870, 12, 18
1870, 12, 31
1871, 1, 25
1871, 4, 18
1871, 5, 10
1871, 6, 9
1871, 6, 12
1871, 6, 26
1871, 7, 3
1871, 7, 4
1871, 8, 12
1871, 9, 3
1871, 9, 3
1871, 9, 4
1871, 10, 9
1871, 10, 16
1871, 11, 7
1871, 11, 14
1872, 1, 11
1872, 1, 24
1872, 2, 9
1872, 3, 13
1872, 4, 2
1872, 5, 4
1872, 5, 14
1872, 5, 25
1872, 6, 21
1872, 6, 25
1872, 6, 29
1872, 6, 30
1872, 7, 5
1872, 7, 7
1872, 7, 14
1872, 7, 24
1872, 7, 29
1872, 8, 2
1872, 8, 2
1872, 10, 9
1872, 11, 27
1873, 1, 1
1873, 1, 29
1873, 1, 29
1873, 2, 13
1873, 2, 25
1873, 3, 29
1873, 4, 10
1873, 4, 10
1873, 5, 5
1873, 5, 25
1873, 5, 28
1873, 6, 30
1873, 8, 11
1873, 9, 3
1873, 9, 17
1873, 9, 28
1873, 10, 16
1873, 11, 1
1873, 11, 1
1873, 12, 31
1874, 1, 18
1874, 1, 18
1874, 3, 21
1874, 3, 23
1874, 4, 5
1874, 4, 7
1874, 4, 8
1874, 4, 11
1874, 4, 12
1874, 4, 28
1874, 4, 30
1874, 5, 9
1874, 5, 9
1874, 5, 16
1874, 7, 11
1874, 7, 24
1874, 7, 28
1874, 8, 5
1874, 9, 5
1874, 9, 10
1874, 9, 27
1874, 9, 30
1874, 10, 14
1874, 10, 14
1874, 10, 17
1874, 10, 25
1874, 10, 31
1874, 11, 2
1874, 11, 2
1874, 11, 10
1874, 11, 14
1874, 11, 22
1874, 12, 4
1874, 12, 7
1874, 12, 9
1874, 12, 20
1875, 1, 2
1875, 1, 3
1875, 1, 7
1875, 1, 7
1875, 1, 23
1875, 1, 28
1875, 1, 30
1875, 3, 14
1875, 4, 17
1875, 4, 25
1875, 5, 18
1875, 5, 20
1875, 5, 30
1875, 5, 30
1875, 7, 23
1875, 8, 9
1875, 8, 18
1875, 8, 22
1875, 8, 22
1875, 8, 22
1875, 9, 1
1875, 9, 11
1875, 9, 22
1875, 10, 7
1875, 10, 23
1875, 10, 24
1875, 10, 29
1875, 11, 13
1875, 12, 10
1875, 12, 11
1875, 12, 11
1875, 12, 13
1875, 12, 25
1876, 1, 20
1876, 2, 29
1876, 4, 25
1876, 5, 15
1876, 6, 11
1876, 6, 27
1876, 7, 4
1876, 7, 15
1876, 8, 11
1876, 8, 28
1876, 9, 14
1876, 10, 2
1876, 10, 6
1876, 11, 20
1876, 11, 21
1876, 11, 21
1876, 11, 22
1876, 12, 20
1876, 12, 20
1876, 12, 26
1876, 12, 29
1876, 12, 29
1877, 1, 2
1877, 2, 14
1877, 2, 26
1877, 3, 1
1877, 3, 10
1877, 3, 10
1877, 3, 24
1877, 3, 30
1877, 3, 30
1877, 4, 4
1877, 4, 13
1877, 4, 20
1877, 4, 26
1877, 6, 16
1877, 6, 22
1877, 7, 7
1877, 7, 24
1877, 7, 25
1877, 8, 5
1877, 8, 7
1877, 9, 8
1877, 9, 9
1877, 9, 12
1877, 9, 16
1877, 9, 21
1877, 9, 24
1877, 9, 30
1877, 9, 30
1877, 10, 15
1877, 11, 2
1877, 11, 9
1877, 11, 11
1877, 11, 20
1877, 12, 3
1877, 12, 15
1877, 12, 16
1878, 1, 1
1878, 1, 6
1878, 1, 12
1878, 2, 1
1878, 2, 8
1878, 2, 26
1878, 3, 8
1878, 4, 7
1878, 4, 12
1878, 5, 20
1878, 5, 21
1878, 5, 22
1878, 6, 17
1878, 6, 17
1878, 6, 18
1878, 7, 16
1878, 8, 1
1878, 8, 4
1878, 8, 14
1878, 9, 30
1878, 10, 4
1878, 10, 11
1878, 11, 7
1878, 11, 21
1878, 11, 24
1879, 1, 4
1879, 2, 25
1879, 4, 18
1879, 4, 22
1879, 4, 25
1879, 6, 11
1879, 6, 15
1879, 6, 17
1879, 6, 26
1879, 6, 27
1879, 7, 7
1879, 7, 16
1879, 7, 29
1879, 8, 30
1879, 9, 2
1879, 9, 8
1879, 9, 9
1879, 10, 12
1879, 10, 23
1879, 10, 29
1879, 10, 29
1879, 11, 1
1879, 11, 2
1879, 11, 10
1879, 12, 3
1879, 12, 3
1879, 12, 11
1879, 12, 19
1880, 2, 1
1880, 3, 17
1880, 3, 21
1880, 4, 8
1880, 4, 23
1880, 5, 11
1880, 6, 18
1880, 7, 5
1880, 7, 10
1880, 7, 25
1880, 8, 4
1880, 8, 18
1880, 9, 11
1880, 10, 4
1880, 10, 6
1880, 10, 23
1880, 10, 30
1880, 11, 4
1880, 12, 21
1881, 3, 17
1881, 3, 28
1881, 4, 22
1881, 5, 1
1881, 6, 9
1881, 7, 4
1881, 7, 6
1881, 7, 21
1881, 7, 30
1881, 8, 25
1881, 9, 5
1881, 9, 14
1881, 10, 27
1881, 11, 2
1881, 11, 23
1881, 11, 25
1881, 12, 5
1881, 12, 13
1881, 12, 31
1882, 2, 6
1882, 2, 15
1882, 3, 27
1882, 3, 28
1882, 4, 1
1882, 5, 7
1882, 5, 7
1882, 6, 5
1882, 6, 11
1882, 7, 4
1882, 7, 18
1882, 8, 6
1882, 8, 10
1882, 8, 23
1882, 8, 24
1882, 10, 5
1882, 10, 9
1882, 12, 6
1882, 12, 15
1882, 12, 25
1883, 1, 8
1883, 1, 12
1883, 1, 13
1883, 1, 23
1883, 2, 17
1883, 3, 12
1883, 4, 21
1883, 5, 24
1883, 6, 8
1883, 7, 4
1883, 7, 4
1883, 7, 6
1883, 7, 20
1883, 7, 29
1883, 8, 17
1883, 9, 6
1883, 9, 6
1883, 9, 15
1883, 9, 26
1883, 11, 2
1883, 11, 22
1883, 12, 8
1883, 12, 13
1883, 12, 25
1884, 1, 20
1884, 1, 24
1884, 1, 28
1884, 2, 16
1884, 3, 1
1884, 3, 5
1884, 3, 13
1884, 4, 24
1884, 5, 13
1884, 5, 28
1884, 6, 6
1884, 6, 9
1884, 6, 25
1884, 6, 27
1884, 6, 30
1884, 7, 16
1884, 8, 16
1884, 9, 5
1884, 9, 12
1884, 9, 17
1884, 10, 4
1884, 10, 6
1884, 10, 7
1884, 11, 9
1884, 11, 24
1884, 11, 24
1884, 12, 10
1884, 12, 31
1885, 1, 15
1885, 1, 15
1885, 2, 9
1885, 3, 29
1885, 4, 5
1885, 4, 23
1885, 5, 10
1885, 5, 23
1885, 5, 26
1885, 6, 13
1885, 7, 29
1885, 8, 1
1885, 8, 5
1885, 8, 23
1885, 9, 2
1885, 10, 23
1885, 10, 24
1885, 10, 28
1885, 11, 2
1885, 11, 23
1886, 1, 1
1886, 1, 2
1886, 1, 17
1886, 1, 18
1886, 2, 12
1886, 2, 14
1886, 2, 18
1886, 2, 28
1886, 4, 9
1886, 5, 11
1886, 6, 25
1886, 7, 5
1886, 7, 8
1886, 7, 17
1886, 7, 26
1886, 7, 28
1886, 8, 28
1886, 9, 6
1886, 9, 14
1886, 9, 14
1886, 9, 20
1886, 11, 7
1886, 11, 10
1886, 11, 12
1886, 11, 15
1886, 11, 18
1886, 11, 20
1886, 12, 13
1886, 12, 16
1886, 12, 27
1887, 1, 24
1887, 1, 31
1887, 2, 22
1887, 3, 2
1887, 3, 8
1887, 3, 30
1887, 5, 18
1887, 5, 21
1887, 6, 17
1887, 6, 23
1887, 7, 1
1887, 7, 4
1887, 7, 6
1887, 8, 1
1887, 8, 14
1887, 8, 20
1887, 8, 25
1887, 8, 28
1887, 10, 26
1887, 11, 1
1887, 11, 30
1887, 12, 1
1888, 1, 2
1888, 1, 4
1888, 1, 15
1888, 2, 2
1888, 2, 4
1888, 2, 11
1888, 2, 18
1888, 3, 2
1888, 3, 25
1888, 4, 11
1888, 4, 16
1888, 5, 3
1888, 5, 3
1888, 5, 26
1888, 6, 10
1888, 7, 18
1888, 9, 2
1888, 9, 18
1888, 9, 23
1888, 9, 26
1888, 9, 27
1888, 10, 23
1888, 10, 26
1888, 10, 31
1888, 11, 3
1888, 11, 5
1888, 11, 25
1888, 12, 6
1889, 2, 23
1889, 3, 1
1889, 4, 6
1889, 4, 11
1889, 4, 13
1889, 4, 14
1889, 4, 22
1889, 4, 25
1889, 5, 20
1889, 5, 21
1889, 6, 18
1889, 6, 22
1889, 7, 7
1889, 7, 7
1889, 7, 13
1889, 7, 15
1889, 7, 23
1889, 8, 18
1889, 8, 21
1889, 8, 21
1889, 9, 7
1889, 9, 10
1889, 9, 13
1889, 9, 24
1889, 10, 14
1889, 10, 14
1889, 10, 17
1889, 10, 24
1889, 11, 18
1889, 12, 8
1889, 12, 18
1890, 1, 12
1890, 1, 30
1890, 1, 30
1890, 2, 3
1890, 3, 25
1890, 4, 20
1890, 4, 25
1890, 4, 30
1890, 5, 15
1890, 5, 20
1890, 5, 22
1890, 5, 27
1890, 6, 11
1890, 6, 26
1890, 6, 30
1890, 8, 3
1890, 8, 14
1890, 8, 15
1890, 8, 28
1890, 9, 23
1890, 10, 16
1890, 10, 29
1890, 11, 1
1890, 11, 1
1890, 11, 3
1890, 11, 10
1890, 11, 16
1890, 12, 20
1890, 12, 28
1891, 1, 6
1891, 1, 9
1891, 1, 20
1891, 2, 15
1891, 2, 16
1891, 2, 18
1891, 3, 6
1891, 3, 12
1891, 3, 25
1891, 4, 6
1891, 4, 7
1891, 4, 30
1891, 5, 25
1891, 6, 7
1891, 6, 26
1891, 7, 3
1891, 7, 29
1891, 9, 11
1891, 10, 30
1891, 11, 4
1891, 11, 4
1891, 11, 5
1891, 11, 7
1891, 11, 10
1891, 11, 10
1891, 11, 25
1891, 11, 27
1891, 11, 30
1892, 1, 4
1892, 1, 6
1892, 1, 7
1892, 1, 10
1892, 2, 6
1892, 6, 3
1892, 6, 7
1892, 6, 30
1892, 6, 30
1892, 7, 1
1892, 7, 31
1892, 8, 7
1892, 10, 15
1892, 10, 27
1892, 10, 30
1892, 11, 17
1892, 11, 18
1892, 11, 19
1893, 1, 8
1893, 1, 28
1893, 2, 26
1893, 2, 28
1893, 3, 6
1893, 3, 8
1893, 3, 13
1893, 4, 8
1893, 5, 2
1893, 5, 8
1893, 6, 15
1893, 6, 20
1893, 6, 28
1893, 6, 30
1893, 6, 30
1893, 7, 9
1893, 8, 9
1893, 9, 24
1893, 9, 24
1893, 9, 24
1893, 9, 24
1893, 10, 7
1893, 10, 11
1893, 10, 17
1893, 12, 3
1893, 12, 4
1893, 12, 13
1894, 1, 8
1894, 2, 11
1894, 3, 7
1894, 3, 23
1894, 3, 24
1894, 3, 26
1894, 4, 11
1894, 4, 24
1894, 4, 29
1894, 5, 1
1894, 5, 2
1894, 5, 15
1894, 5, 18
1894, 6, 8
1894, 7, 17
1894, 8, 7
1894, 8, 15
1894, 8, 21
1894, 12, 4
1894, 12, 15
1895, 2, 7
1895, 3, 10
1895, 3, 11
1895, 3, 16
1895, 3, 17
1895, 3, 30
1895, 4, 3
1895, 4, 3
1895, 4, 9
1895, 4, 13
1895, 4, 18
1895, 4, 25
1895, 5, 28
1895, 6, 1
1895, 6, 3
1895, 6, 13
1895, 6, 15
1895, 6, 15
1895, 6, 24
1895, 7, 20
1895, 7, 27
1895, 7, 30
1895, 8, 1
1895, 8, 12
1895, 10, 15
1895, 10, 23
1895, 11, 17
1895, 11, 21
1896, 1, 24
1896, 2, 10
1896, 2, 14
1896, 2, 17
1896, 2, 22
1896, 2, 25
1896, 3, 10
1896, 3, 10
1896, 3, 18
1896, 3, 27
1896, 3, 31
1896, 3, 31
1896, 3, 31
1896, 4, 1
1896, 4, 3
1896, 4, 17
1896, 5, 15
1896, 5, 21
1896, 5, 27
1896, 6, 23
1896, 7, 10
1896, 7, 18
1896, 8, 5
1896, 8, 11
1896, 8, 26
1896, 10, 4
1896, 10, 5
1896, 10, 5
1896, 10, 8
1896, 11, 6
1896, 11, 18
1896, 12, 23
1896, 12, 27
1896, 12, 28
1897, 1, 3
1897, 1, 20
1897, 1, 24
1897, 1, 30
1897, 2, 17
1897, 3, 5
1897, 3, 7
1897, 3, 12
1897, 4, 18
1897, 6, 1
1897, 7, 6
1897, 8, 16
1897, 9, 2
1897, 9, 20
1897, 11, 15
1897, 12, 16
1897, 12, 26
1897, 12, 29
1897, 12, 31
1898, 1, 27
1898, 2, 14
1898, 3, 13
1898, 3, 15
1898, 3, 18
1898, 3, 23
1898, 4, 3
1898, 4, 5
1898, 4, 10
1898, 4, 13
1898, 6, 3
1898, 6, 22
1898, 7, 16
1898, 8, 7
1898, 8, 11
1898, 8, 16
1898, 8, 27
1898, 9, 13
1898, 10, 21
1898, 10, 22
1898, 10, 24
1898, 10, 27
1898, 10, 28
1898, 11, 2
1898, 11, 6
1898, 11, 13
1898, 11, 20
1898, 11, 20
1898, 11, 22
1898, 12, 5
1898, 12, 13
1898, 12, 28
1899, 1, 1
1899, 1, 9
1899, 1, 13
1899, 2, 9
1899, 2, 14
1899, 2, 20
1899, 2, 21
1899, 2, 24
1899, 2, 25
1899, 2, 27
1899, 3, 14
1899, 4, 14
1899, 4, 21
1899, 6, 11
1899, 6, 12
1899, 6, 13
1899, 6, 18
1899, 6, 26
1899, 6, 27
1899, 6, 28
1899, 7, 4
1899, 7, 7
1899, 7, 25
1899, 8, 1
1899, 8, 26
1899, 8, 26
1899, 8, 29
1899, 9, 9
1899, 9, 14
1899, 9, 21
1899, 10, 18
1899, 10, 31
1899, 11, 7
1899, 11, 8
1899, 11, 27
1899, 12, 17
1899, 12, 26
1899, 12, 27
1899, 12, 28
1900, 1, 6
1900, 1, 15
1900, 1, 29
1900, 2, 24
1900, 2, 28
1900, 3, 5
1900, 3, 5
1900, 3, 18
1900, 3, 25
1900, 4, 6
1900, 4, 18
1900, 4, 20
1900, 5, 1
1900, 5, 31
1900, 6, 10
1900, 6, 22
1900, 7, 15
1900, 7, 29
1900, 8, 24
1900, 9, 4
1900, 9, 30
1900, 11, 10
1900, 11, 14
1900, 11, 20
1900, 12, 18
1901, 1, 14
1901, 1, 24
1901, 2, 7
1901, 2, 15
1901, 3, 1
1901, 3, 2
1901, 4, 4
1901, 4, 5
1901, 4, 8
1901, 4, 9
1901, 4, 11
1901, 5, 5
1901, 5, 25
1901, 5, 26
1901, 5, 27
1901, 7, 1
1901, 7, 5
1901, 7, 7
1901, 7, 15
1901, 7, 29
1901, 8, 2
1901, 8, 20
1901, 8, 21
1901, 8, 22
1901, 8, 30
1901, 9, 14
1901, 9, 17
1901, 9, 26
1901, 9, 29
1901, 10, 5
1901, 10, 11
1901, 10, 20
1901, 10, 21
1901, 11, 1
1901, 11, 9
1901, 11, 22
1901, 11, 28
1901, 11, 28
1901, 12, 6
1901, 12, 12
1901, 12, 14
1901, 12, 15
1902, 1, 20
1902, 1, 28
1902, 1, 29
1902, 2, 1
1902, 2, 8
1902, 2, 11
1902, 2, 11
1902, 3, 2
1902, 4, 27
1902, 5, 13
1902, 5, 29
1902, 6, 5
1902, 7, 10
1902, 8, 27
1902, 9, 1
1902, 9, 24
1902, 9, 25
1902, 10, 17
1902, 10, 20
1902, 10, 21
1902, 10, 26
1902, 11, 1
1902, 11, 9
1902, 11, 23
1902, 11, 27
1902, 12, 1
1903, 1, 15
1903, 1, 21
1903, 1, 23
1903, 1, 31
1903, 2, 8
1903, 2, 12
1903, 2, 25
1903, 2, 28
1903, 3, 19
1903, 3, 24
1903, 3, 28
1903, 4, 2
1903, 4, 8
1903, 4, 21
1903, 4, 26
1903, 5, 8
1903, 5, 24
1903, 5, 27
1903, 6, 4
1903, 6, 25
1903, 8, 5
1903, 8, 16
1903, 8, 25
1903, 9, 29
1903, 10, 10
1903, 10, 15
1903, 11, 1
1903, 11, 2
1903, 11, 8
1903, 11, 25
1903, 12, 2
1903, 12, 7
1903, 12, 10
1903, 12, 19
1903, 12, 25
1904, 1, 1
1904, 1, 5
1904, 1, 6
1904, 1, 26
1904, 1, 30
1904, 2, 2
1904, 3, 2
1904, 4, 2
1904, 4, 8
1904, 5, 17
1904, 6, 26
1904, 6, 29
1904, 7, 1
1904, 7, 5
1904, 7, 10
1904, 7, 10
1904, 7, 13
1904, 7, 17
1904, 7, 27
1904, 8, 3
1904, 8, 24
1904, 10, 16
1904, 11, 20
1904, 11, 23
1904, 11, 26
1904, 12, 13
1904, 12, 15
1904, 12, 24
1904, 12, 28
1905, 1, 1
1905, 1, 12
1905, 1, 16
1905, 1, 22
1905, 1, 24
1905, 2, 11
1905, 3, 3
1905, 3, 3
1905, 3, 3
1905, 4, 5
1905, 4, 21
1905, 5, 22
1905, 6, 1
1905, 6, 6
1905, 7, 5
1905, 7, 6
1905, 7, 9
1905, 7, 13
1905, 7, 17
1905, 9, 3
1905, 9, 24
1905, 9, 25
1905, 9, 25
1905, 10, 20
1905, 11, 8
1905, 11, 24
1906, 1, 31
1906, 2, 9
1906, 2, 23
1906, 2, 24
1906, 3, 1
1906, 3, 4
1906, 3, 7
1906, 3, 9
1906, 4, 1
1906, 4, 18
1906, 4, 18
1906, 4, 19
1906, 4, 20
1906, 4, 20
1906, 4, 21
1906, 6, 17
1906, 6, 17
1906, 7, 21
1906, 8, 4
1906, 8, 10
1906, 8, 12
1906, 8, 14
1906, 8, 20
1906, 8, 30
1906, 8, 30
1906, 9, 4
1906, 9, 8
1906, 9, 20
1906, 9, 21
1906, 10, 3
1906, 10, 15
1906, 10, 21
1906, 10, 25
1906, 11, 15
1906, 11, 15
1906, 11, 27
1906, 12, 11
1906, 12, 17
1906, 12, 23
1907, 1, 2
1907, 1, 6
1907, 1, 6
1907, 1, 6
1907, 1, 22
1907, 1, 25
1907, 1, 30
1907, 1, 30
1907, 2, 2
1907, 2, 4
1907, 2, 5
1907, 3, 17
1907, 3, 24
1907, 4, 19
1907, 4, 28
1907, 4, 30
1907, 5, 7
1907, 5, 7
1907, 5, 7
1907, 5, 7
1907, 5, 7
1907, 5, 7
1907, 5, 7
1907, 5, 7
1907, 5, 8
1907, 5, 12
1907, 5, 20
1907, 5, 28
1907, 5, 30
1907, 6, 4
1907, 6, 18
1907, 6, 27
1907, 7, 5
1907, 7, 7
1907, 7, 11
1907, 8, 5
1907, 8, 11
1907, 8, 18
1907, 8, 18
1907, 8, 19
1907, 8, 29
1907, 8, 31
1907, 9, 3
1907, 9, 3
1907, 10, 19
1907, 10, 20
1907, 10, 21
1907, 11, 27
1907, 12, 5
1907, 12, 6
1907, 12, 9
1907, 12, 10
1907, 12, 17
1907, 12, 17
1907, 12, 18
1907, 12, 27
1907, 12, 29
1908, 1, 25
1908, 2, 2
1908, 2, 14
1908, 2, 18
1908, 2, 20
1908, 3, 6
1908, 3, 7
1908, 3, 8
1908, 3, 11
1908, 3, 25
1908, 4, 9
1908, 4, 16
1908, 4, 24
1908, 4, 25
1908, 4, 28
1908, 5, 11
1908, 5, 22
1908, 6, 4
1908, 6, 7
1908, 6, 11
1908, 6, 21
1908, 7, 5
1908, 7, 6
1908, 7, 30
1908, 8, 10
1908, 8, 23
1908, 10, 17
1908, 10, 17
1908, 10, 20
1908, 10, 21
1908, 11, 3
1908, 11, 27
1908, 12, 3
1908, 12, 28
1908, 12, 30
1909, 1, 6
1909, 1, 8
1909, 1, 16
1909, 1, 24
1909, 1, 24
1909, 2, 12
1909, 2, 14
1909, 2, 20
1909, 2, 25
1909, 2, 25
1909, 3, 25
1909, 4, 10
1909, 4, 21
1909, 5, 8
1909, 5, 9
1909, 6, 4
1909, 6, 4
1909, 6, 6
1909, 6, 12
1909, 6, 21
1909, 6, 23
1909, 6, 25
1909, 7, 2
1909, 7, 17
1909, 8, 20
1909, 10, 6
1909, 10, 8
1909, 10, 11
1909, 10, 25
1909, 11, 2
1909, 11, 9
1909, 11, 9
1909, 11, 10
1909, 11, 14
1909, 12, 26
1909, 12, 28
1910, 1, 9
1910, 1, 16
1910, 1, 18
1910, 1, 29
1910, 2, 8
1910, 2, 8
1910, 2, 13
1910, 3, 16
1910, 4, 4
1910, 4, 4
1910, 4, 8
1910, 4, 14
1910, 5, 10
1910, 5, 16
1910, 5, 31
1910, 7, 7
1910, 7, 27
1910, 8, 2
1910, 8, 2
1910, 8, 4
1910, 8, 22
1910, 8, 23
1910, 8, 23
1910, 9, 7
1910, 9, 26
1910, 10, 5
1910, 11, 2
1910, 11, 3
1910, 11, 11
1910, 11, 22
1910, 12, 7
1910, 12, 8
1911, 1, 2
1911, 1, 27
1911, 1, 30
1911, 2, 9
1911, 2, 9
1911, 2, 23
1911, 3, 5
1911, 3, 10
1911, 3, 14
1911, 3, 14
1911, 3, 30
1911, 3, 30
1911, 4, 3
1911, 4, 10
1911, 4, 23
1911, 5, 14
1911, 5, 25
1911, 5, 31
1911, 6, 23
1911, 6, 24
1911, 6, 24
1911, 6, 27
1911, 7, 5
1911, 7, 22
1911, 8, 2
1911, 8, 7
1911, 9, 7
1911, 10, 4
1911, 10, 8
1911, 11, 13
1911, 11, 14
1911, 11, 17
1911, 11, 21
1911, 11, 26
1911, 11, 26
1911, 11, 27
1911, 12, 6
1912, 1, 4
1912, 1, 15
1912, 1, 15
1912, 2, 1
1912, 2, 3
1912, 2, 18
1912, 2, 29
1912, 2, 29
1912, 2, 29
1912, 3, 2
1912, 3, 21
1912, 3, 22
1912, 3, 25
1912, 3, 31
1912, 4, 13
1912, 4, 20
1912, 5, 4
1912, 5, 6
1912, 5, 18
1912, 5, 18
1912, 6, 3
1912, 6, 16
1912, 7, 12
1912, 7, 17
1912, 7, 23
1912, 7, 26
1912, 8, 8
1912, 8, 14
1912, 8, 18
1912, 8, 30
1912, 9, 7
1912, 9, 12
1912, 9, 18
1912, 9, 18
1912, 9, 21
1912, 10, 14
1912, 10, 21
1912, 10, 28
1912, 11, 3
1912, 11, 29
1912, 12, 4
1912, 12, 6
1912, 12, 7
1912, 12, 22
1912, 12, 29
1913, 1, 3
1913, 1, 13
1913, 1, 29
1913, 2, 21
1913, 2, 22
1913, 3, 9
1913, 3, 12
1913, 3, 12
1913, 3, 16
1913, 4, 1
1913, 4, 10
1913, 4, 10
1913, 4, 11
1913, 4, 16
1913, 4, 18
1913, 5, 4
1913, 5, 4
1913, 5, 5
1913, 5, 9
1913, 5, 14
1913, 6, 1
1913, 6, 19
1913, 6, 19
1913, 6, 30
1913, 7, 15
1913, 7, 15
1913, 7, 25
1913, 8, 3
1913, 9, 2
1913, 9, 8
1913, 9, 13
1913, 9, 15
1913, 9, 15
1913, 9, 19
1913, 9, 19
1913, 9, 24
1913, 9, 30
1913, 9, 30
1913, 10, 7
1913, 10, 13
1913, 10, 19
1913, 10, 27
1913, 10, 27
1913, 10, 31
1913, 12, 2
1913, 12, 2
1913, 12, 2
1913, 12, 13
1913, 12, 13
1913, 12, 20
1913, 12, 20
1913, 12, 25
1914, 1, 14
1914, 1, 28
1914, 1, 31
1914, 2, 14
1914, 2, 17
1914, 2, 23
1914, 2, 24
1914, 2, 27
1914, 3, 7
1914, 3, 8
1914, 3, 12
1914, 4, 19
1914, 4, 20
1914, 4, 20
1914, 4, 28
1914, 5, 2
1914, 5, 8
1914, 5, 11
1914, 6, 3
1914, 7, 18
1914, 8, 10
1914, 8, 14
1914, 8, 23
1914, 9, 7
1914, 9, 11
1914, 9, 14
1914, 9, 14
1914, 9, 17
1914, 9, 21
1914, 9, 22
1914, 9, 24
1914, 9, 24
1914, 10, 7
1914, 10, 25
1914, 10, 27
1914, 10, 27
1914, 10, 29
1914, 11, 4
1914, 11, 9
1914, 11, 10
1914, 11, 25
1914, 11, 25
1914, 12, 1
1914, 12, 2
1914, 12, 7
1914, 12, 8
1914, 12, 18
1914, 12, 21
1914, 12, 21
1914, 12, 23
1915, 1, 2
1915, 1, 10
1915, 1, 24
1915, 1, 24
1915, 2, 8
1915, 2, 9
1915, 2, 14
1915, 2, 19
1915, 2, 22
1915, 2, 25
1915, 3, 16
1915, 3, 18
1915, 3, 19
1915, 4, 1
1915, 4, 2
1915, 4, 3
1915, 4, 19
1915, 4, 20
1915, 4, 22
1915, 4, 28
1915, 4, 29
1915, 5, 12
1915, 5, 23
1915, 6, 9
1915, 6, 22
1915, 7, 18
1915, 7, 22
1915, 7, 25
1915, 7, 29
1915, 8, 2
1915, 8, 12
1915, 8, 23
1915, 9, 3
1915, 9, 8
1915, 9, 9
1915, 9, 13
1915, 9, 13
1915, 9, 19
1915, 9, 21
1915, 9, 21
1915, 10, 13
1915, 10, 13
1915, 10, 17
1915, 10, 17
1915, 10, 29
1915, 10, 29
1915, 11, 10
1915, 11, 19
1915, 11, 21
1915, 11, 24
1915, 11, 26
1915, 11, 26
1915, 12, 17
1915, 12, 25
1915, 12, 25
1915, 12, 25
1915, 12, 25
1916, 1, 4
1916, 1, 9
1916, 1, 12
1916, 1, 12
1916, 1, 12
1916, 1, 29
1916, 2, 16
1916, 2, 19
1916, 2, 22
1916, 3, 6
1916, 3, 6
1916, 3, 7
1916, 3, 10
1916, 3, 17
1916, 3, 24
1916, 3, 27
1916, 4, 10
1916, 4, 12
1916, 4, 17
1916, 4, 20
1916, 5, 3
1916, 5, 4
1916, 5, 11
1916, 5, 22
1916, 5, 26
1916, 6, 1
1916, 6, 18
1916, 6, 18
1916, 6, 23
1916, 7, 11
1916, 7, 22
1916, 7, 22
1916, 7, 22
1916, 7, 22
1916, 7, 22
1916, 7, 22
1916, 7, 25
1916, 7, 26
1916, 7, 26
1916, 7, 27
1916, 7, 30
1916, 8, 15
1916, 8, 15
1916, 9, 18
1916, 9, 20
1916, 9, 30
1916, 10, 15
1916, 11, 24
1916, 11, 24
1916, 11, 29
1916, 11, 29
1916, 11, 30
1916, 12, 2
1916, 12, 17
1916, 12, 17
1916, 12, 18
1917, 1, 1
1917, 1, 4
1917, 1, 16
1917, 2, 1
1917, 2, 5
1917, 2, 14
1917, 2, 23
1917, 3, 1
1917, 3, 2
1917, 3, 5
1917, 3, 5
1917, 3, 26
1917, 4, 4
1917, 4, 23
1917, 4, 25
1917, 4, 28
1917, 5, 14
1917, 6, 8
1917, 6, 14
1917, 6, 22
1917, 6, 23
1917, 6, 25
1917, 6, 27
1917, 7, 28
1917, 7, 30
1917, 8, 9
1917, 8, 21
1917, 8, 23
1917, 8, 30
1917, 9, 25
1917, 10, 2
1917, 10, 19
1917, 10, 25
1917, 10, 27
1917, 10, 29
1917, 11, 28
1917, 11, 28
1917, 11, 29
1917, 12, 12
1917, 12, 17
1918, 1, 5
1918, 1, 23
1918, 1, 30
1918, 1, 30
1918, 2, 1
1918, 2, 4
1918, 2, 22
1918, 3, 10
1918, 3, 11
1918, 4, 20
1918, 4, 23
1918, 4, 23
1918, 5, 7
1918, 5, 15
1918, 5, 28
1918, 6, 18
1918, 6, 26
1918, 6, 29
1918, 7, 6
1918, 7, 9
1918, 7, 15
1918, 7, 18
1918, 7, 22
1918, 8, 10
1918, 8, 12
1918, 8, 14
1918, 8, 27
1918, 8, 28
1918, 9, 8
1918, 9, 15
1918, 9, 22
1918, 9, 23
1918, 9, 24
1918, 9, 26
1918, 9, 29
1918, 10, 16
1918, 10, 22
1918, 10, 25
1918, 11, 18
1918, 11, 30
1918, 12, 1
1918, 12, 1
1918, 12, 21
1918, 12, 24
1918, 12, 30
1918, 12, 30
1919, 1, 1
1919, 1, 17
1919, 1, 28
1919, 2, 1
1919, 2, 6
1919, 2, 12
1919, 2, 15
1919, 2, 24
1919, 2, 25
1919, 2, 27
1919, 3, 14
1919, 3, 16
1919, 3, 27
1919, 4, 12
1919, 4, 14
1919, 4, 21
1919, 4, 21
1919, 5, 5
1919, 5, 10
1919, 5, 26
1919, 6, 29
1919, 7, 2
1919, 7, 11
1919, 8, 1
1919, 8, 11
1919, 8, 17
1919, 8, 23
1919, 8, 29
1919, 9, 3
1919, 9, 19
1919, 9, 29
1919, 10, 2
1919, 10, 6
1919, 10, 6
1919, 10, 10
1919, 10, 10
1919, 10, 11
1919, 10, 18
1919, 10, 30
1919, 11, 1
1919, 11, 4
1919, 11, 10
1919, 11, 13
1919, 11, 16
1919, 11, 27
1919, 11, 28
1919, 12, 12
1919, 12, 19
1919, 12, 21
1919, 12, 25
1919, 12, 26
1920, 1, 25
1920, 1, 26
1920, 2, 7
1920, 2, 7
1920, 2, 13
1920, 2, 13
1920, 2, 17
1920, 2, 19
1920, 2, 27
1920, 3, 6
1920, 4, 26
1920, 5, 7
1920, 5, 17
1920, 5, 19
1920, 5, 22
1920, 7, 3
1920, 8, 12
1920, 8, 17
1920, 8, 18
1920, 8, 30
1920, 9, 18
1920, 9, 19
1920, 10, 18
1920, 10, 20
1920, 10, 26
1920, 10, 31
1920, 11, 7
1920, 11, 28
1920, 12, 4
1920, 12, 5
1920, 12, 8
1921, 1, 23
1921, 1, 30
1921, 2, 15
1921, 2, 15
1921, 2, 15
1921, 2, 22
1921, 3, 2
1921, 3, 18
1921, 3, 28
1921, 3, 28
1921, 4, 1
1921, 5, 18
1921, 5, 25
1921, 6, 28
1921, 7, 1
1921, 7, 9
1921, 7, 9
1921, 8, 7
1921, 8, 10
1921, 8, 28
1921, 9, 4
1921, 9, 19
1921, 9, 23
1921, 10, 9
1921, 10, 9
1921, 10, 26
1921, 10, 27
1921, 11, 3
1921, 11, 11
1921, 11, 13
1921, 11, 13
1921, 12, 22
1922, 1, 1
1922, 1, 13
1922, 1, 16
1922, 2, 8
1922, 3, 3
1922, 3, 6
1922, 3, 26
1922, 5, 30
1922, 6, 2
1922, 6, 26
1922, 6, 30
1922, 7, 5
1922, 8, 7
1922, 8, 31
1922, 9, 12
1922, 9, 15
1922, 9, 22
1922, 10, 4
1922, 10, 4
1922, 10, 19
1922, 10, 20
1922, 10, 21
1922, 10, 23
1922, 11, 21
1922, 11, 24
1922, 12, 13
1922, 12, 24
1923, 1, 14
1923, 1, 26
1923, 1, 29
1923, 4, 6
1923, 4, 12
1923, 4, 14
1923, 5, 8
1923, 5, 22
1923, 6, 5
1923, 6, 8
1923, 6, 11
1923, 6, 14
1923, 6, 15
1923, 7, 2
1923, 7, 29
1923, 8, 4
1923, 9, 10
1923, 9, 10
1923, 9, 13
1923, 10, 5
1923, 10, 26
1923, 11, 23
1923, 12, 14
1923, 12, 20
1924, 1, 3
1924, 1, 13
1924, 1, 22
1924, 2, 3
1924, 2, 5
1924, 2, 19
1924, 2, 23
1924, 2, 27
1924, 3, 2
1924, 3, 2
1924, 3, 8
1924, 3, 19
1924, 4, 21
1924, 5, 2
1924, 5, 2
1924, 5, 2
1924, 5, 8
1924, 5, 9
1924, 5, 24
1924, 6, 3
1924, 8, 8
1924, 8, 22
1924, 9, 11
1924, 10, 1
1924, 10, 5
1924, 11, 12
1924, 11, 24
1924, 11, 30
1924, 12, 9
1924, 12, 9
1924, 12, 22
1924, 12, 23
1925, 1, 14
1925, 1, 18
1925, 1, 23
1925, 2, 18
1925, 2, 24
1925, 4, 2
1925, 4, 4
1925, 4, 10
1925, 4, 11
1925, 5, 13
1925, 5, 18
1925, 5, 19
1925, 6, 1
1925, 6, 21
1925, 8, 9
1925, 8, 17
1925, 9, 1
1925, 9, 5
1925, 9, 13
1925, 10, 10
1925, 10, 15
1925, 10, 18
1925, 10, 29
1925, 11, 27
1925, 12, 4
1925, 12, 5
1925, 12, 6
1925, 12, 12
1925, 12, 12
1925, 12, 25
1926, 1, 11
1926, 1, 16
1926, 1, 19
1926, 1, 21
1926, 1, 25
1926, 2, 20
1926, 2, 28
1926, 3, 20
1926, 4, 2
1926, 4, 5
1926, 5, 5
1926, 6, 5
1926, 6, 10
1926, 6, 16
1926, 7, 10
1926, 8, 4
1926, 8, 31
1926, 8, 31
1926, 8, 31
1926, 8, 31
1926, 9, 1
1926, 9, 23
1926, 10, 1
1926, 10, 8
1926, 10, 10
1926, 10, 11
1926, 10, 11
1926, 10, 11
1926, 10, 11
1926, 10, 22
1926, 10, 26
1926, 10, 26
1926, 10, 31
1926, 11, 18
1926, 11, 20
1926, 12, 6
1927, 1, 27
1927, 1, 29
1927, 1, 29
1927, 1, 31
1927, 2, 6
1927, 2, 20
1927, 2, 20
1927, 2, 22
1927, 3, 15
1927, 3, 21
1927, 3, 24
1927, 3, 24
1927, 4, 3
1927, 4, 22
1927, 5, 2
1927, 5, 2
1927, 5, 16
1927, 5, 30
1927, 6, 16
1927, 6, 17
1927, 6, 26
1927, 7, 2
1927, 7, 7
1927, 7, 7
1927, 7, 8
1927, 7, 13
1927, 7, 30
1927, 8, 18
1927, 8, 22
1927, 8, 29
1927, 9, 19
1927, 10, 1
1927, 10, 21
1927, 10, 24
1927, 12, 8
1927, 12, 30
1928, 1, 1
1928, 1, 6
1928, 1, 25
1928, 1, 28
1928, 2, 26
1928, 3, 20
1928, 3, 25
1928, 4, 1
1928, 4, 2
1928, 4, 12
1928, 4, 17
1928, 4, 18
1928, 5, 26
1928, 7, 10
1928, 7, 24
1928, 8, 2
1928, 8, 12
1928, 9, 11
1928, 9, 16
1928, 9, 22
1928, 9, 28
1928, 11, 19
1928, 11, 20
1928, 11, 24
1928, 11, 24
1928, 11, 30
1928, 12, 2
1928, 12, 4
1928, 12, 13
1928, 12, 13
1928, 12, 14
1928, 12, 15
1929, 1, 2
1929, 1, 4
1929, 1, 7
1929, 1, 13
1929, 1, 18
1929, 1, 27
1929, 1, 28
1929, 1, 30
1929, 3, 6
1929, 3, 8
1929, 3, 22
1929, 4, 9
1929, 4, 27
1929, 5, 11
1929, 5, 15
1929, 5, 28
1929, 5, 30
1929, 6, 7
1929, 7, 8
1929, 7, 30
1929, 8, 3
1929, 8, 19
1929, 8, 22
1929, 8, 27
1929, 9, 1
1929, 10, 23
1929, 10, 28
1929, 10, 28
1929, 11, 12
1929, 11, 17
1929, 12, 2
1929, 12, 15
1930, 2, 18
1930, 2, 28
1930, 3, 22
1930, 4, 26
1930, 4, 29
1930, 5, 12
1930, 5, 15
1930, 6, 7
1930, 6, 11
1930, 7, 8
1930, 8, 4
1930, 8, 10
1930, 8, 11
1930, 8, 20
1930, 9, 2
1930, 9, 5
1930, 9, 11
1930, 9, 21
1930, 9, 29
1930, 10, 13
1930, 10, 15
1930, 10, 20
1930, 11, 2
1930, 11, 24
1930, 11, 24
1930, 12, 8
1930, 12, 14
1930, 12, 23
1930, 12, 29
1931, 1, 8
1931, 1, 18
1931, 1, 30
1931, 2, 17
1931, 2, 17
1931, 3, 1
1931, 3, 5
1931, 3, 23
1931, 4, 2
1931, 4, 5
1931, 4, 30
1931, 4, 30
1931, 5, 3
1931, 5, 15
1931, 5, 16
1931, 5, 24
1931, 5, 24
1931, 6, 12
1931, 6, 30
1931, 7, 1
1931, 7, 8
1931, 7, 12
1931, 7, 13
1931, 8, 9
1931, 8, 9
1931, 8, 9
1931, 8, 19
1931, 8, 30
1931, 8, 30
1931, 9, 24
1931, 10, 18
1931, 11, 17
1931, 11, 20
1931, 12, 5
1931, 12, 18
1932, 1, 2
1932, 1, 25
1932, 1, 30
1932, 2, 21
1932, 2, 23
1932, 2, 28
1932, 3, 3
1932, 3, 23
1932, 3, 24
1932, 4, 6
1932, 4, 16
1932, 4, 16
1932, 4, 29
1932, 5, 5
1932, 5, 15
1932, 5, 16
1932, 5, 18
1932, 6, 1
1932, 6, 7
1932, 6, 8
1932, 6, 8
1932, 6, 10
1932, 8, 2
1932, 8, 7
1932, 10, 3
1932, 10, 14
1932, 10, 15
1932, 10, 24
1932, 11, 1
1932, 11, 10
1932, 11, 10
1932, 12, 1
1932, 12, 6
1932, 12, 25
1933, 2, 6
1933, 2, 11
1933, 2, 27
1933, 3, 29
1933, 6, 21
1933, 7, 7
1933, 7, 15
1933, 7, 16
1933, 7, 19
1933, 7, 19
1933, 7, 25
1933, 8, 14
1933, 8, 17
1933, 8, 19
1933, 8, 20
1933, 8, 23
1933, 8, 26
1933, 9, 1
1933, 9, 25
1933, 11, 8
1933, 11, 20
1933, 11, 28
1933, 11, 28
1933, 12, 3
1933, 12, 16
1934, 1, 4
1934, 1, 8
1934, 1, 25
1934, 2, 16
1934, 2, 20
1934, 2, 26
1934, 3, 2
1934, 3, 11
1934, 3, 11
1934, 3, 24
1934, 4, 14
1934, 4, 18
1934, 4, 24
1934, 4, 29
1934, 5, 7
1934, 5, 13
1934, 5, 24
1934, 5, 27
1934, 6, 7
1934, 6, 9
1934, 6, 16
1934, 7, 4
1934, 7, 5
1934, 7, 5
1934, 7, 12
1934, 7, 13
1934, 7, 30
1934, 8, 5
1934, 8, 26
1934, 10, 4
1934, 10, 7
1934, 10, 8
1934, 10, 25
1934, 11, 1
1934, 12, 2
1934, 12, 14
1934, 12, 16
1934, 12, 16
1934, 12, 23
1935, 1, 29
1935, 2, 4
1935, 2, 5
1935, 3, 22
1935, 3, 24
1935, 3, 31
1935, 4, 4
1935, 4, 6
1935, 4, 21
1935, 5, 18
1935, 7, 1
1935, 7, 4
1935, 7, 17
1935, 7, 23
1935, 9, 7
1935, 9, 21
1935, 10, 14
1935, 11, 11
1935, 11, 30
1935, 12, 13
1936, 1, 6
1936, 1, 12
1936, 4, 14
1936, 5, 2
1936, 5, 31
1936, 6, 7
1936, 6, 13
1936, 6, 26
1936, 7, 24
1936, 8, 14
1936, 8, 26
1936, 10, 18
1936, 10, 20
1936, 10, 21
1936, 11, 2
1936, 11, 7
1936, 11, 29
1936, 12, 20
1936, 12, 28
1936, 12, 31
1937, 1, 16
1937, 2, 21
1937, 3, 9
1937, 3, 12
1937, 3, 26
1937, 4, 10
1937, 4, 13
1937, 5, 2
1937, 5, 2
1937, 5, 2
1937, 5, 18
1937, 5, 30
1937, 6, 20
1937, 7, 10
1937, 7, 27
1937, 8, 2
1937, 8, 6
1937, 9, 1
1937, 9, 2
1937, 9, 4
1937, 9, 6
1937, 9, 6
1937, 9, 11
1937, 10, 15
1937, 10, 23
1937, 11, 13
1937, 12, 21
1937, 12, 31
1938, 1, 18
1938, 1, 22
1938, 3, 11
1938, 7, 20
1938, 7, 30
1938, 8, 8
1938, 8, 25
1938, 8, 27
1938, 9, 4
1938, 9, 21
1938, 9, 28
1938, 11, 3
1938, 11, 6
1938, 12, 15
1939, 1, 1
1939, 1, 1
1939, 1, 2
1939, 1, 25
1939, 1, 28
1939, 3, 15
1939, 3, 27
1939, 4, 15
1939, 4, 28
1939, 5, 5
1939, 6, 1
1939, 6, 22
1939, 6, 25
1939, 7, 2
1939, 7, 15
1939, 7, 16
1939, 8, 25
1939, 8, 27
1939, 8, 28
1939, 9, 8
1939, 9, 28
1939, 11, 8
1939, 11, 23
1939, 12, 2
1939, 12, 31
1940, 1, 6
1940, 1, 6
1940, 1, 27
1940, 3, 2
1940, 3, 6
1940, 3, 9
1940, 4, 8
1940, 4, 22
1940, 5, 6
1940, 5, 6
1940, 6, 16
1940, 6, 25
1940, 6, 29
1940, 7, 30
1940, 8, 15
1940, 8, 16
1940, 8, 18
1940, 8, 18
1940, 9, 1
1940, 9, 2
1940, 9, 5
1940, 10, 1
1940, 10, 17
1940, 10, 24
1940, 10, 30
1940, 10, 30
1940, 11, 1
1940, 11, 4
1941, 1, 9
1941, 1, 17
1941, 1, 24
1941, 1, 27
1941, 2, 5
1941, 2, 8
1941, 2, 20
1941, 2, 25
1941, 3, 8
1941, 3, 20
1941, 6, 10
1941, 6, 16
1941, 7, 11
1941, 8, 17
1941, 8, 29
1941, 10, 8
1941, 10, 21
1941, 10, 27
1941, 11, 14
1941, 11, 18
1941, 12, 17
1941, 12, 17
1942, 1, 4
1942, 2, 19
1942, 2, 19
1942, 3, 3
1942, 3, 21
1942, 4, 2
1942, 4, 3
1942, 4, 5
1942, 5, 5
1942, 5, 15
1942, 5, 15
1942, 5, 15
1942, 7, 5
1942, 7, 6
1942, 7, 8
1942, 7, 13
1942, 7, 15
1942, 8, 2
1942, 8, 10
1942, 8, 14
1942, 8, 17
1942, 8, 18
1942, 9, 16
1942, 10, 11
1942, 10, 14
1942, 10, 27
1942, 10, 29
1942, 11, 3
1942, 11, 9
1942, 12, 4
1942, 12, 20
1942, 12, 25
1943, 1, 11
1943, 2, 7
1943, 2, 11
1943, 2, 21
1943, 2, 24
1943, 2, 27
1943, 3, 2
1943, 3, 6
1943, 3, 11
1943, 3, 12
1943, 4, 16
1943, 4, 24
1943, 4, 29
1943, 7, 5
1943, 7, 21
1943, 8, 2
1943, 8, 8
1943, 8, 20
1943, 8, 22
1943, 8, 24
1943, 8, 25
1943, 9, 24
1943, 10, 11
1943, 10, 11
1943, 10, 13
1943, 10, 19
1943, 10, 28
1943, 10, 30
1943, 11, 19
1943, 11, 23
1943, 11, 23
1943, 11, 26
1943, 11, 29
1943, 12, 25
1944, 1, 1
1944, 1, 3
1944, 1, 3
1944, 2, 12
1944, 3, 29
1944, 4, 5
1944, 4, 20
1944, 4, 23
1944, 5, 1
1944, 5, 5
1944, 5, 7
1944, 5, 8
1944, 6, 10
1944, 6, 14
1944, 6, 16
1944, 6, 26
1944, 7, 27
1944, 8, 14
1944, 8, 22
1944, 9, 5
1944, 9, 14
1944, 9, 28
1944, 10, 9
1944, 10, 21
1944, 10, 21
1944, 10, 27
1944, 10, 29
1944, 12, 2
1944, 12, 10
1944, 12, 20
1944, 12, 25
1944, 12, 27
1944, 12, 29
1945, 1, 4
1945, 1, 13
1945, 1, 13
1945, 1, 20
1945, 2, 1
1945, 2, 6
1945, 2, 12
1945, 2, 17
1945, 3, 4
1945, 3, 10
1945, 3, 12
1945, 3, 13
1945, 3, 15
1945, 3, 30
1945, 3, 31
1945, 4, 4
1945, 4, 23
1945, 5, 6
1945, 5, 30
1945, 5, 31
1945, 6, 2
1945, 6, 9
1945, 6, 20
1945, 7, 14
1945, 7, 24
1945, 8, 4
1945, 8, 5
1945, 8, 8
1945, 8, 13
1945, 8, 16
1945, 8, 25
1945, 8, 25
1945, 9, 3
1945, 9, 4
1945, 9, 12
1945, 9, 23
1945, 9, 27
1945, 10, 4
1945, 10, 6
1945, 10, 6
1945, 10, 12
1945, 10, 20
1945, 11, 3
1945, 11, 24
1945, 11, 25
1945, 11, 26
1945, 11, 27
1945, 11, 28
1945, 12, 6
1945, 12, 25
1946, 1, 21
1946, 1, 25
1946, 1, 27
1946, 2, 26
1946, 3, 12
1946, 3, 22
1946, 3, 27
1946, 4, 7
1946, 4, 13
1946, 5, 6
1946, 5, 12
1946, 5, 15
1946, 5, 26
1946, 6, 15
1946, 6, 16
1946, 6, 28
1946, 7, 19
1946, 7, 24
1946, 8, 1
1946, 8, 1
1946, 8, 24
1946, 8, 24
1946, 8, 29
1946, 9, 2
1946, 9, 3
1946, 9, 3
1946, 9, 8
1946, 9, 8
1946, 9, 10
1946, 9, 30
1946, 10, 10
1946, 10, 13
1946, 10, 19
1946, 10, 27
1946, 11, 1
1946, 11, 12
1946, 11, 16
1946, 12, 2
1946, 12, 4
1946, 12, 7
1946, 12, 7
1946, 12, 14
1946, 12, 15
1946, 12, 15
1946, 12, 20
1946, 12, 23
1946, 12, 27
1946, 12, 31
1947, 1, 6
1947, 1, 8
1947, 1, 12
1947, 1, 22
1947, 1, 23
1947, 1, 24
1947, 1, 27
1947, 1, 28
1947, 2, 14
1947, 2, 22
1947, 3, 7
1947, 3, 12
1947, 3, 14
1947, 4, 3
1947, 4, 6
1947, 4, 10
1947, 5, 3
1947, 5, 4
1947, 5, 9
1947, 5, 9
1947, 5, 17
1947, 5, 19
1947, 5, 26
1947, 5, 26
1947, 5, 31
1947, 6, 5
1947, 6, 7
1947, 6, 11
1947, 6, 26
1947, 7, 4
1947, 7, 5
1947, 7, 14
1947, 7, 17
1947, 7, 22
1947, 7, 22
1947, 7, 23
1947, 7, 25
1947, 7, 25
1947, 7, 26
1947, 7, 29
1947, 8, 1
1947, 8, 10
1947, 8, 30
1947, 9, 1
1947, 9, 6
1947, 9, 28
1947, 10, 5
1947, 10, 23
1947, 11, 9
1947, 11, 17
1947, 11, 21
1947, 11, 23
1947, 12, 8
1947, 12, 11
1947, 12, 11
1947, 12, 24
1948, 1, 1
1948, 1, 12
1948, 1, 27
1948, 2, 19
1948, 3, 19
1948, 3, 22
1948, 3, 28
1948, 4, 3
1948, 4, 9
1948, 4, 19
1948, 4, 21
1948, 4, 21
1948, 4, 24
1948, 4, 26
1948, 5, 14
1948, 5, 14
1948, 5, 16
1948, 5, 30
1948, 5, 31
1948, 6, 29
1948, 7, 4
1948, 7, 16
1948, 8, 3
1948, 8, 16
1948, 8, 18
1948, 8, 22
1948, 9, 8
1948, 9, 19
1948, 9, 25
1948, 10, 11
1948, 10, 13
1948, 10, 26
1948, 12, 15
1948, 12, 25
1948, 12, 26
1949, 1, 22
1949, 1, 27
1949, 2, 22
1949, 2, 23
1949, 3, 1
1949, 3, 13
1949, 4, 19
1949, 4, 30
1949, 5, 3
1949, 5, 13
1949, 5, 19
1949, 5, 25
1949, 6, 14
1949, 6, 18
1949, 6, 27
1949, 7, 18
1949, 7, 21
1949, 8, 9
1949, 8, 10
1949, 8, 18
1949, 8, 29
1949, 9, 4
1949, 9, 10
1949, 9, 14
1949, 9, 19
1949, 9, 24
1949, 9, 26
1949, 9, 28
1949, 10, 29
1949, 10, 30
1949, 11, 2
1949, 11, 3
1949, 11, 8
1949, 11, 9
1949, 11, 18
1949, 12, 1
1949, 12, 7
1949, 12, 7
1949, 12, 19
1949, 12, 24
1949, 12, 30
1950, 1, 1
1950, 1, 17
1950, 2, 18
1950, 2, 18
1950, 2, 22
1950, 3, 2
1950, 3, 5
1950, 3, 17
1950, 3, 18
1950, 3, 26
1950, 4, 8
1950, 4, 21
1950, 4, 26
1950, 6, 3
1950, 6, 9
1950, 6, 10
1950, 6, 17
1950, 6, 24
1950, 6, 29
1950, 7, 9
1950, 7, 9
1950, 7, 23
1950, 7, 24
1950, 8, 22
1950, 8, 26
1950, 9, 3
1950, 9, 16
1950, 9, 21
1950, 10, 10
1950, 10, 10
1950, 10, 22
1950, 10, 22
1950, 10, 23
1950, 11, 5
1950, 11, 9
1950, 11, 24
1950, 11, 26
1950, 12, 5
1950, 12, 6
1950, 12, 21
1950, 12, 24
1951, 1, 7
1951, 1, 11
1951, 1, 13
1951, 1, 19
1951, 2, 4
1951, 2, 7
1951, 2, 19
1951, 3, 14
1951, 3, 24
1951, 3, 28
1951, 3, 31
1951, 4, 8
1951, 4, 9
1951, 4, 11
1951, 5, 4
1951, 5, 5
1951, 5, 23
1951, 5, 28
1951, 6, 17
1951, 7, 1
1951, 7, 17
1951, 7, 26
1951, 7, 26
1951, 8, 4
1951, 8, 12
1951, 9, 18
1951, 9, 30
1951, 10, 1
1951, 10, 1
1951, 10, 4
1951, 10, 8
1951, 10, 11
1951, 10, 27
1951, 10, 29
1951, 10, 30
1951, 11, 27
1951, 12, 1
1951, 12, 25
1951, 12, 27
1951, 12, 29
1952, 2, 8
1952, 2, 15
1952, 2, 15
1952, 2, 15
1952, 2, 15
1952, 2, 15
1952, 2, 18
1952, 2, 21
1952, 3, 24
1952, 3, 30
1952, 3, 30
1952, 3, 31
1952, 4, 3
1952, 4, 12
1952, 4, 24
1952, 4, 25
1952, 5, 5
1952, 5, 13
1952, 6, 2
1952, 6, 4
1952, 7, 9
1952, 7, 9
1952, 7, 10
1952, 7, 18
1952, 7, 23
1952, 7, 25
1952, 7, 26
1952, 8, 7
1952, 8, 14
1952, 8, 15
1952, 8, 18
1952, 8, 24
1952, 8, 30
1952, 9, 4
1952, 9, 7
1952, 9, 13
1952, 9, 15
1952, 9, 26
1952, 10, 21
1952, 11, 9
1952, 11, 30
1952, 12, 1
1952, 12, 11
1952, 12, 14
1953, 1, 1
1953, 1, 20
1953, 1, 23
1953, 1, 23
1953, 2, 3
1953, 2, 9
1953, 4, 3
1953, 4, 15
1953, 4, 16
1953, 4, 18
1953, 4, 24
1953, 5, 8
1953, 5, 10
1953, 5, 13
1953, 5, 19
1953, 7, 4
1953, 7, 4
1953, 7, 7
1953, 7, 19
1953, 7, 19
1953, 7, 21
1953, 7, 21
1953, 7, 31
1953, 8, 6
1953, 8, 8
1953, 8, 9
1953, 8, 15
1953, 8, 31
1953, 9, 8
1953, 9, 10
1953, 9, 11
1953, 9, 24
1953, 10, 5
1953, 10, 7
1953, 10, 11
1953, 10, 14
1953, 10, 16
1953, 10, 24
1953, 10, 25
1953, 10, 30
1953, 11, 9
1953, 11, 19
1953, 11, 26
1953, 12, 5
1953, 12, 10
1953, 12, 12
1954, 1, 4
1954, 1, 23
1954, 2, 1
1954, 2, 2
1954, 2, 5
1954, 2, 21
1954, 3, 4
1954, 3, 6
1954, 3, 13
1954, 3, 20
1954, 4, 9
1954, 4, 10
1954, 4, 24
1954, 4, 29
1954, 5, 2
1954, 5, 31
1954, 6, 2
1954, 6, 10
1954, 7, 11
1954, 7, 20
1954, 7, 26
1954, 8, 12
1954, 8, 21
1954, 8, 28
1954, 9, 1
1954, 9, 12
1954, 9, 26
1954, 10, 4
1954, 10, 6
1954, 10, 11
1954, 10, 12
1954, 10, 17
1954, 10, 20
1954, 10, 23
1954, 10, 27
1954, 11, 8
1954, 11, 14
1954, 11, 18
1954, 12, 14
1955, 1, 2
1955, 1, 9
1955, 1, 12
1955, 1, 17
1955, 1, 21
1955, 1, 24
1955, 1, 25
1955, 2, 4
1955, 2, 25
1955, 3, 19
1955, 4, 5
1955, 4, 23
1955, 4, 29
1955, 5, 4
1955, 5, 14
1955, 5, 14
1955, 6, 2
1955, 7, 4
1955, 7, 23
1955, 8, 19
1955, 8, 20
1955, 9, 3
1955, 9, 4
1955, 9, 7
1955, 9, 11
1955, 9, 20
1955, 9, 21
1955, 9, 24
1955, 10, 4
1955, 10, 23
1955, 10, 31
1955, 11, 6
1955, 11, 16
1955, 11, 19
1955, 11, 19
1955, 11, 28
1955, 12, 5
1955, 12, 22
1955, 12, 26
1955, 12, 28
1955, 12, 31
1956, 1, 17
1956, 1, 21
1956, 2, 7
1956, 2, 14
1956, 2, 16
1956, 2, 16
1956, 2, 17
1956, 2, 19
1956, 2, 19
1956, 3, 14
1956, 3, 29
1956, 4, 2
1956, 4, 9
1956, 4, 18
1956, 4, 27
1956, 5, 5
1956, 5, 29
1956, 5, 30
1956, 6, 4
1956, 6, 16
1956, 6, 26
1956, 7, 28
1956, 8, 2
1956, 8, 29
1956, 9, 28
1956, 10, 3
1956, 10, 7
1956, 10, 8
1956, 10, 8
1956, 10, 11
1956, 10, 12
1956, 10, 14
1956, 10, 27
1956, 10, 31
1956, 11, 8
1956, 11, 9
1956, 11, 17
1956, 11, 18
1956, 11, 21
1956, 11, 21
1956, 12, 5
1956, 12, 6
1956, 12, 7
1956, 12, 9
1956, 12, 19
1956, 12, 30
1957, 1, 10
1957, 1, 12
1957, 1, 21
1957, 2, 5
1957, 2, 9
1957, 2, 9
1957, 2, 14
1957, 2, 23
1957, 3, 9
1957, 4, 5
1957, 4, 13
1957, 4, 21
1957, 5, 11
1957, 5, 18
1957, 6, 30
1957, 6, 30
1957, 7, 4
1957, 7, 21
1957, 7, 26
1957, 8, 1
1957, 9, 2
1957, 9, 4
1957, 9, 7
1957, 9, 9
1957, 10, 19
1957, 11, 13
1957, 12, 12
1957, 12, 17
1958, 2, 4
1958, 2, 16
1958, 3, 1
1958, 3, 2
1958, 3, 9
1958, 3, 18
1958, 3, 20
1958, 3, 25
1958, 4, 6
1958, 4, 20
1958, 5, 8
1958, 5, 19
1958, 6, 5
1958, 6, 17
1958, 6, 19
1958, 6, 28
1958, 7, 5
1958, 7, 9
1958, 7, 9
1958, 7, 15
1958, 7, 15
1958, 7, 18
1958, 7, 29
1958, 8, 2
1958, 8, 3
1958, 8, 10
1958, 8, 19
1958, 8, 31
1958, 9, 5
1958, 11, 14
1958, 11, 22
1958, 11, 29
1958, 12, 23
1958, 12, 25
1958, 12, 27
1959, 1, 10
1959, 1, 10
1959, 1, 16
1959, 2, 17
1959, 2, 24
1959, 3, 15
1959, 4, 17
1959, 4, 25
1959, 4, 25
1959, 5, 10
1959, 5, 23
1959, 6, 4
1959, 6, 6
1959, 6, 14
1959, 6, 17
1959, 6, 21
1959, 7, 3
1959, 7, 4
1959, 7, 11
1959, 7, 11
1959, 8, 4
1959, 8, 18
1959, 9, 12
1959, 9, 27
1959, 10, 4
1959, 10, 9
1959, 10, 14
1959, 10, 26
1959, 11, 12
1959, 12, 8
1959, 12, 20
1959, 12, 25
1960, 1, 6
1960, 1, 24
1960, 1, 29
1960, 1, 31
1960, 2, 16
1960, 3, 5
1960, 3, 17
1960, 4, 9
1960, 5, 22
1960, 6, 2
1960, 6, 4
1960, 6, 7
1960, 6, 14
1960, 6, 28
1960, 8, 7
1960, 8, 8
1960, 8, 11
1960, 8, 28
1960, 8, 28
1960, 8, 31
1960, 9, 6
1960, 9, 6
1960, 10, 14
1960, 10, 25
1960, 11, 5
1960, 11, 5
1960, 11, 7
1960, 11, 21
1960, 12, 9
1960, 12, 9
1960, 12, 10
1960, 12, 10
1961, 1, 1
1961, 1, 6
1961, 2, 1
1961, 2, 5
1961, 2, 15
1961, 2, 15
1961, 3, 11
1961, 3, 20
1961, 3, 20
1961, 4, 7
1961, 4, 7
1961, 4, 28
1961, 4, 29
1961, 5, 2
1961, 5, 4
1961, 6, 10
1961, 6, 14
1961, 6, 30
1961, 7, 8
1961, 7, 13
1961, 8, 2
1961, 8, 5
1961, 8, 19
1961, 8, 29
1961, 9, 25
1961, 10, 3
1961, 10, 22
1961, 11, 4
1961, 11, 23
1961, 11, 26
1961, 11, 29
1961, 12, 10
1961, 12, 13
1961, 12, 14
1961, 12, 20
1962, 1, 6
1962, 1, 9
1962, 1, 10
1962, 1, 20
1962, 2, 1
1962, 2, 22
1962, 3, 3
1962, 3, 22
1962, 4, 8
1962, 4, 8
1962, 4, 18
1962, 4, 21
1962, 4, 26
1962, 4, 28
1962, 5, 18
1962, 5, 19
1962, 5, 19
1962, 5, 25
1962, 5, 26
1962, 5, 27
1962, 6, 6
1962, 6, 13
1962, 6, 19
1962, 6, 21
1962, 6, 26
1962, 7, 6
1962, 7, 12
1962, 7, 18
1962, 7, 21
1962, 7, 31
1962, 7, 31
1962, 8, 2
1962, 8, 3
1962, 8, 12
1962, 8, 20
1962, 8, 20
1962, 8, 21
1962, 8, 25
1962, 8, 30
1962, 8, 30
1962, 9, 4
1962, 10, 8
1962, 10, 18
1962, 11, 4
1962, 11, 5
1962, 11, 6
1962, 11, 15
1962, 11, 15
1962, 11, 18
1962, 11, 30
1962, 12, 20
1962, 12, 21
1963, 1, 1
1963, 1, 29
1963, 2, 16
1963, 3, 3
1963, 3, 8
1963, 3, 23
1963, 3, 24
1963, 3, 28
1963, 3, 28
1963, 5, 5
1963, 5, 16
1963, 5, 18
1963, 5, 23
1963, 5, 24
1963, 5, 25
1963, 5, 26
1963, 5, 28
1963, 5, 31
1963, 6, 1
1963, 6, 11
1963, 6, 22
1963, 6, 23
1963, 7, 12
1963, 7, 20
1963, 7, 23
1963, 7, 27
1963, 7, 28
1963, 8, 7
1963, 8, 9
1963, 8, 15
1963, 9, 3
1963, 10, 5
1963, 10, 18
1963, 10, 30
1963, 11, 8
1963, 11, 9
1963, 11, 10
1963, 11, 10
1963, 11, 13
1963, 11, 19
1964, 1, 11
1964, 1, 12
1964, 1, 13
1964, 1, 15
1964, 2, 2
1964, 2, 20
1964, 2, 26
1964, 3, 2
1964, 3, 6
1964, 3, 16
1964, 3, 18
1964, 3, 20
1964, 3, 21
1964, 3, 29
1964, 4, 11
1964, 4, 19
1964, 4, 24
1964, 4, 25
1964, 4, 27
1964, 5, 9
1964, 5, 14
1964, 5, 20
1964, 5, 20
1964, 5, 24
1964, 6, 11
1964, 6, 23
1964, 6, 29
1964, 7, 9
1964, 7, 13
1964, 7, 25
1964, 8, 2
1964, 8, 5
1964, 8, 30
1964, 9, 5
1964, 9, 5
1964, 9, 19
1964, 9, 25
1964, 9, 26
1964, 10, 19
1964, 10, 22
1964, 10, 24
1964, 11, 4
1964, 11, 13
1964, 11, 15
1964, 11, 15
1964, 11, 26
1964, 12, 17
1964, 12, 30
1964, 12, 31
1965, 1, 9
1965, 1, 9
1965, 1, 9
1965, 1, 15
1965, 1, 24
1965, 1, 31
1965, 2, 5
1965, 2, 6
1965, 2, 6
1965, 2, 8
1965, 2, 12
1965, 2, 21
1965, 3, 3
1965, 3, 6
1965, 3, 14
1965, 3, 21
1965, 4, 8
1965, 4, 15
1965, 4, 15
1965, 4, 17
1965, 4, 19
1965, 4, 19
1965, 4, 19
1965, 4, 21
1965, 5, 1
1965, 5, 8
1965, 5, 11
1965, 5, 13
1965, 5, 13
1965, 5, 21
1965, 5, 29
1965, 6, 12
1965, 6, 25
1965, 7, 1
1965, 7, 19
1965, 7, 30
1965, 8, 1
1965, 8, 23
1965, 8, 31
1965, 9, 3
1965, 9, 3
1965, 9, 6
1965, 9, 27
1965, 9, 29
1965, 9, 30
1965, 10, 8
1965, 10, 31
1965, 11, 4
1965, 11, 6
1965, 11, 20
1965, 12, 6
1965, 12, 6
1965, 12, 6
1965, 12, 13
1965, 12, 19
1965, 12, 26
1966, 1, 2
1966, 1, 11
1966, 1, 28
1966, 1, 29
1966, 1, 31
1966, 2, 24
1966, 2, 27
1966, 3, 5
1966, 3, 15
1966, 3, 27
1966, 3, 31
1966, 4, 5
1966, 4, 9
1966, 4, 14
1966, 4, 30
1966, 5, 9
1966, 5, 26
1966, 5, 29
1966, 6, 10
1966, 6, 16
1966, 6, 16
1966, 6, 28
1966, 7, 2
1966, 7, 13
1966, 7, 17
1966, 7, 23
1966, 7, 27
1966, 7, 31
1966, 7, 31
1966, 8, 13
1966, 8, 17
1966, 8, 18
1966, 8, 24
1966, 8, 30
1966, 9, 1
1966, 9, 17
1966, 9, 20
1966, 10, 1
1966, 10, 8
1966, 10, 14
1966, 10, 23
1966, 10, 24
1966, 10, 27
1966, 11, 6
1966, 11, 8
1966, 11, 23
1966, 11, 28
1966, 12, 6
1966, 12, 12
1966, 12, 31
1967, 1, 3
1967, 1, 4
1967, 1, 8
1967, 1, 18
1967, 1, 22
1967, 2, 5
1967, 2, 6
1967, 2, 10
1967, 2, 19
1967, 3, 9
1967, 3, 25
1967, 4, 12
1967, 4, 26
1967, 5, 7
1967, 5, 10
1967, 5, 10
1967, 5, 14
1967, 5, 19
1967, 5, 19
1967, 6, 5
1967, 6, 9
1967, 6, 9
1967, 6, 10
1967, 6, 11
1967, 6, 18
1967, 6, 19
1967, 6, 21
1967, 6, 23
1967, 6, 25
1967, 6, 25
1967, 6, 28
1967, 6, 28
1967, 7, 1
1967, 7, 7
1967, 7, 13
1967, 7, 18
1967, 7, 24
1967, 7, 28
1967, 8, 3
1967, 8, 5
1967, 8, 6
1967, 8, 7
1967, 8, 7
1967, 8, 8
1967, 8, 11
1967, 8, 13
1967, 8, 15
1967, 8, 18
1967, 8, 25
1967, 9, 10
1967, 9, 20
1967, 9, 21
1967, 10, 7
1967, 10, 17
1967, 11, 22
1967, 11, 30
1967, 12, 2
1967, 12, 7
1967, 12, 11
1967, 12, 13
1967, 12, 15
1967, 12, 20
1967, 12, 29
1968, 1, 1
1968, 1, 8
1968, 1, 18
1968, 1, 24
1968, 1, 25
1968, 1, 25
1968, 2, 1
1968, 2, 1
1968, 2, 8
1968, 2, 8
1968, 2, 8
1968, 2, 21
1968, 2, 24
1968, 2, 24
1968, 2, 28
1968, 3, 3
1968, 3, 17
1968, 3, 22
1968, 3, 25
1968, 3, 30
1968, 4, 9
1968, 4, 9
1968, 4, 16
1968, 4, 17
1968, 5, 5
1968, 5, 13
1968, 5, 24
1968, 5, 31
1968, 6, 6
1968, 6, 7
1968, 6, 8
1968, 6, 14
1968, 6, 15
1968, 6, 15
1968, 6, 16
1968, 6, 19
1968, 6, 29
1968, 7, 8
1968, 7, 9
1968, 7, 12
1968, 7, 17
1968, 7, 22
1968, 7, 27
1968, 8, 1
1968, 8, 2
1968, 8, 4
1968, 8, 9
1968, 8, 11
1968, 8, 12
1968, 8, 16
1968, 8, 17
1968, 8, 17
1968, 8, 24
1968, 8, 25
1968, 8, 29
1968, 9, 6
1968, 9, 7
1968, 9, 7
1968, 9, 15
1968, 9, 17
1968, 9, 18
1968, 9, 25
1968, 9, 28
1968, 10, 1
1968, 10, 3
1968, 10, 3
1968, 10, 22
1968, 10, 25
1968, 10, 29
1968, 11, 3
1968, 11, 3
1968, 11, 6
1968, 11, 15
1968, 11, 18
1968, 11, 20
1968, 11, 24
1968, 12, 1
1968, 12, 2
1968, 12, 4
1968, 12, 7
1968, 12, 13
1968, 12, 14
1968, 12, 15
1968, 12, 16
1968, 12, 22
1968, 12, 27
1968, 12, 30
1968, 12, 31
1969, 1, 6
1969, 1, 7
1969, 1, 11
1969, 1, 11
1969, 1, 15
1969, 1, 17
1969, 1, 19
1969, 1, 25
1969, 1, 27
1969, 1, 29
1969, 2, 1
1969, 2, 3
1969, 2, 4
1969, 2, 5
1969, 2, 13
1969, 2, 16
1969, 2, 17
1969, 2, 19
1969, 2, 21
1969, 2, 26
1969, 2, 27
1969, 3, 1
1969, 3, 3
1969, 3, 5
1969, 3, 11
1969, 3, 13
1969, 3, 15
1969, 3, 16
1969, 3, 24
1969, 3, 30
1969, 4, 3
1969, 4, 13
1969, 4, 13
1969, 4, 14
1969, 4, 14
1969, 4, 19
1969, 4, 22
1969, 4, 24
1969, 4, 24
1969, 4, 24
1969, 4, 24
1969, 4, 30
1969, 4, 30
1969, 5, 1
1969, 5, 2
1969, 5, 5
1969, 5, 15
1969, 5, 16
1969, 5, 19
1969, 5, 19
1969, 5, 25
1969, 5, 26
1969, 5, 31
1969, 6, 1
1969, 6, 6
1969, 6, 7
1969, 6, 10
1969, 6, 22
1969, 6, 22
1969, 6, 24
1969, 6, 24
1969, 6, 27
1969, 6, 29
1969, 6, 30
1969, 6, 30
1969, 7, 2
1969, 7, 2
1969, 7, 6
1969, 7, 6
1969, 7, 8
1969, 7, 8
1969, 7, 9
1969, 7, 15
1969, 7, 24
1969, 7, 25
1969, 7, 27
1969, 7, 30
1969, 8, 1
1969, 8, 2
1969, 8, 2
1969, 8, 3
1969, 8, 10
1969, 8, 17
1969, 8, 20
1969, 8, 21
1969, 8, 27
1969, 9, 4
1969, 9, 9
1969, 9, 13
1969, 9, 14
1969, 9, 17
1969, 9, 18
1969, 9, 19
1969, 9, 21
1969, 9, 23
1969, 10, 2
1969, 10, 4
1969, 10, 6
1969, 10, 7
1969, 10, 10
1969, 10, 11
1969, 10, 14
1969, 10, 20
1969, 10, 23
1969, 10, 26
1969, 10, 27
1969, 11, 1
1969, 11, 1
1969, 11, 2
1969, 11, 8
1969, 11, 14
1969, 11, 19
1969, 11, 27
1969, 11, 28
1969, 12, 2
1969, 12, 3
1969, 12, 5
1969, 12, 9
1969, 12, 12
1969, 12, 18
1969, 12, 20
1969, 12, 24
1970, 1, 1
1970, 1, 2
1970, 1, 3
1970, 1, 5
1970, 1, 7
1970, 1, 11
1970, 1, 13
1970, 1, 13
1970, 1, 17
1970, 1, 22
1970, 1, 23
1970, 1, 24
1970, 1, 24
1970, 1, 24
1970, 1, 25
1970, 1, 29
1970, 2, 6
1970, 2, 6
1970, 2, 7
1970, 2, 13
1970, 2, 14
1970, 2, 16
1970, 2, 18
1970, 2, 18
1970, 2, 21
1970, 2, 25
1970, 2, 25
1970, 3, 1
1970, 3, 6
1970, 3, 7
1970, 3, 16
1970, 3, 17
1970, 3, 25
1970, 4, 1
1970, 4, 12
1970, 4, 12
1970, 4, 15
1970, 4, 17
1970, 4, 17
1970, 4, 17
1970, 4, 18
1970, 4, 24
1970, 4, 30
1970, 5, 2
1970, 5, 2
1970, 5, 4
1970, 5, 6
1970, 5, 9
1970, 5, 14
1970, 5, 24
1970, 5, 24
1970, 5, 24
1970, 5, 30
1970, 5, 30
1970, 6, 4
1970, 6, 4
1970, 6, 5
1970, 6, 10
1970, 6, 11
1970, 6, 13
1970, 6, 13
1970, 6, 16
1970, 6, 19
1970, 6, 28
1970, 7, 4
1970, 7, 18
1970, 7, 25
1970, 7, 28
1970, 8, 3
1970, 8, 4
1970, 8, 9
1970, 8, 9
1970, 8, 12
1970, 8, 21
1970, 8, 25
1970, 8, 27
1970, 8, 30
1970, 9, 1
1970, 9, 12
1970, 9, 25
1970, 9, 26
1970, 9, 29
1970, 10, 6
1970, 10, 11
1970, 10, 11
1970, 10, 15
1970, 10, 15
1970, 10, 19
1970, 10, 24
1970, 10, 25
1970, 10, 25
1970, 10, 28
1970, 10, 31
1970, 11, 2
1970, 11, 4
1970, 11, 6
1970, 11, 7
1970, 11, 14
1970, 11, 14
1970, 11, 20
1970, 11, 25
1970, 11, 26
1970, 11, 27
1970, 11, 29
1970, 12, 2
1970, 12, 5
1970, 12, 13
1970, 12, 15
1970, 12, 15
1970, 12, 19
1970, 12, 25
1970, 12, 26
1971, 1, 1
1971, 1, 2
1971, 1, 6
1971, 1, 7
1971, 1, 18
1971, 1, 18
1971, 1, 18
1971, 1, 30
1971, 2, 1
1971, 2, 2
1971, 2, 8
1971, 2, 12
1971, 2, 13
1971, 2, 15
1971, 2, 16
1971, 2, 16
1971, 2, 17
1971, 2, 17
1971, 2, 20
1971, 2, 27
1971, 2, 28
1971, 3, 1
1971, 3, 7
1971, 3, 12
1971, 3, 18
1971, 3, 26
1971, 4, 2
1971, 4, 4
1971, 4, 7
1971, 4, 14
1971, 4, 18
1971, 4, 22
1971, 4, 27
1971, 4, 27
1971, 4, 30
1971, 5, 6
1971, 5, 10
1971, 5, 15
1971, 5, 15
1971, 5, 29
1971, 6, 1
1971, 6, 2
1971, 6, 3
1971, 6, 5
1971, 6, 27
1971, 6, 28
1971, 7, 1
1971, 7, 2
1971, 7, 2
1971, 7, 18
1971, 7, 18
1971, 7, 24
1971, 7, 27
1971, 7, 28
1971, 7, 29
1971, 7, 29
1971, 7, 30
1971, 8, 4
1971, 8, 6
1971, 8, 6
1971, 8, 13
1971, 8, 17
1971, 8, 27
1971, 8, 28
1971, 8, 31
1971, 8, 31
1971, 9, 2
1971, 9, 4
1971, 9, 4
1971, 9, 8
1971, 9, 9
1971, 9, 11
1971, 9, 12
1971, 9, 19
1971, 9, 25
1971, 9, 28
1971, 10, 2
1971, 10, 14
1971, 10, 15
1971, 10, 19
1971, 10, 27
1971, 11, 3
1971, 11, 5
1971, 11, 5
1971, 11, 6
1971, 11, 7
1971, 11, 7
1971, 11, 17
1971, 11, 21
1971, 11, 21
1971, 11, 21
1971, 11, 22
1971, 11, 24
1971, 11, 25
1971, 11, 29
1971, 12, 16
1971, 12, 21
1971, 12, 24
1972, 1, 1
1972, 1, 2
1972, 1, 9
1972, 1, 15
1972, 1, 17
1972, 1, 20
1972, 1, 21
1972, 1, 22
1972, 1, 24
1972, 1, 24
1972, 2, 2
1972, 2, 2
1972, 2, 2
1972, 2, 11
1972, 2, 15
1972, 2, 27
1972, 3, 9
1972, 3, 9
1972, 3, 13
1972, 3, 15
1972, 3, 19
1972, 3, 22
1972, 4, 4
1972, 4, 4
1972, 4, 16
1972, 4, 19
1972, 4, 19
1972, 4, 24
1972, 5, 1
1972, 5, 15
1972, 5, 25
1972, 5, 27
1972, 5, 28
1972, 6, 2
1972, 6, 13
1972, 6, 14
1972, 6, 24
1972, 6, 26
1972, 7, 2
1972, 7, 4
1972, 7, 9
1972, 7, 10
1972, 7, 15
1972, 7, 16
1972, 7, 20
1972, 7, 28
1972, 8, 4
1972, 8, 5
1972, 8, 10
1972, 8, 17
1972, 8, 20
1972, 8, 21
1972, 8, 29
1972, 9, 6
1972, 9, 7
1972, 9, 9
1972, 9, 24
1972, 10, 6
1972, 10, 7
1972, 10, 19
1972, 10, 26
1972, 10, 28
1972, 10, 31
1972, 11, 9
1972, 11, 16
1972, 11, 19
1972, 11, 23
1972, 11, 28
1972, 12, 4
1972, 12, 8
1972, 12, 10
1972, 12, 11
1972, 12, 11
1972, 12, 17
1972, 12, 22
1972, 12, 25
1972, 12, 25
1972, 12, 25
1972, 12, 26
1972, 12, 26
1973, 1, 2
1973, 1, 5
1973, 1, 12
1973, 1, 14
1973, 1, 14
1973, 1, 18
1973, 1, 22
1973, 1, 25
1973, 1, 30
1973, 2, 3
1973, 2, 9
1973, 2, 11
1973, 2, 12
1973, 2, 12
1973, 2, 19
1973, 2, 21
1973, 2, 21
1973, 3, 11
1973, 3, 16
1973, 3, 23
1973, 3, 24
1973, 3, 24
1973, 3, 30
1973, 4, 1
1973, 4, 5
1973, 4, 14
1973, 4, 15
1973, 4, 29
1973, 5, 3
1973, 5, 7
1973, 5, 13
1973, 5, 14
1973, 5, 15
1973, 5, 15
1973, 5, 24
1973, 5, 25
1973, 5, 29
1973, 6, 3
1973, 6, 10
1973, 6, 14
1973, 6, 19
1973, 7, 2
1973, 7, 9
1973, 7, 9
1973, 7, 13
1973, 7, 15
1973, 7, 24
1973, 7, 31
1973, 8, 4
1973, 8, 12
1973, 8, 12
1973, 8, 16
1973, 8, 17
1973, 8, 25
1973, 8, 26
1973, 9, 7
1973, 9, 10
1973, 9, 11
1973, 9, 11
1973, 9, 17
1973, 9, 17
1973, 9, 18
1973, 9, 20
1973, 9, 20
1973, 9, 23
1973, 9, 27
1973, 9, 28
1973, 9, 29
1973, 10, 1
1973, 10, 11
1973, 10, 16
1973, 10, 19
1973, 10, 20
1973, 10, 20
1973, 10, 25
1973, 10, 27
1973, 10, 29
1973, 10, 30
1973, 10, 30
1973, 11, 7
1973, 11, 8
1973, 11, 10
1973, 11, 14
1973, 11, 23
1973, 11, 23
1973, 11, 25
1973, 11, 27
1973, 12, 1
1973, 12, 10
1973, 12, 11
1973, 12, 11
1973, 12, 11
1973, 12, 13
1973, 12, 13
1973, 12, 17
1973, 12, 20
1973, 12, 20
1974, 1, 2
1974, 1, 3
1974, 1, 12
1974, 1, 14
1974, 1, 14
1974, 1, 15
1974, 1, 21
1974, 1, 22
1974, 1, 24
1974, 1, 27
1974, 1, 27
1974, 1, 28
1974, 1, 28
1974, 1, 28
1974, 1, 28
1974, 1, 28
1974, 1, 29
1974, 2, 1
1974, 2, 1
1974, 2, 2
1974, 2, 8
1974, 2, 16
1974, 2, 16
1974, 2, 19
1974, 2, 20
1974, 2, 21
1974, 2, 28
1974, 3, 1
1974, 3, 2
1974, 3, 9
1974, 3, 9
1974, 3, 12
1974, 3, 14
1974, 3, 16
1974, 3, 17
1974, 3, 17
1974, 3, 23
1974, 3, 31
1974, 4, 1
1974, 4, 1
1974, 4, 3
1974, 4, 5
1974, 4, 9
1974, 4, 15
1974, 4, 16
1974, 4, 19
1974, 4, 21
1974, 4, 21
1974, 4, 23
1974, 4, 29
1974, 5, 1
1974, 5, 2
1974, 5, 7
1974, 5, 11
1974, 5, 16
1974, 5, 17
1974, 5, 23
1974, 5, 25
1974, 5, 25
1974, 5, 27
1974, 6, 1
1974, 6, 1
1974, 6, 3
1974, 6, 9
1974, 6, 14
1974, 6, 14
1974, 6, 23
1974, 6, 25
1974, 6, 25
1974, 6, 25
1974, 6, 29
1974, 7, 7
1974, 7, 7
1974, 7, 12
1974, 7, 20
1974, 7, 27
1974, 7, 30
1974, 8, 3
1974, 8, 9
1974, 8, 11
1974, 8, 12
1974, 8, 13
1974, 8, 15
1974, 8, 16
1974, 8, 19
1974, 8, 24
1974, 9, 3
1974, 9, 3
1974, 9, 3
1974, 9, 8
1974, 9, 12
1974, 9, 13
1974, 9, 14
1974, 9, 21
1974, 9, 24
1974, 9, 28
1974, 9, 29
1974, 10, 1
1974, 10, 2
1974, 10, 2
1974, 10, 9
1974, 10, 12
1974, 10, 12
1974, 10, 13
1974, 10, 15
1974, 10, 18
1974, 10, 19
1974, 10, 27
1974, 11, 3
1974, 11, 6
1974, 11, 9
1974, 11, 9
1974, 11, 10
1974, 11, 11
1974, 11, 13
1974, 11, 22
1974, 11, 24
1974, 11, 25
1974, 11, 29
1974, 12, 2
1974, 12, 4
1974, 12, 5
1974, 12, 10
1974, 12, 10
1974, 12, 13
1974, 12, 22
1974, 12, 24
1974, 12, 26
1974, 12, 27
1974, 12, 30
1975, 1, 1
1975, 1, 3
1975, 1, 6
1975, 1, 10
1975, 1, 13
1975, 1, 18
1975, 1, 28
1975, 2, 2
1975, 2, 12
1975, 2, 13
1975, 2, 17
1975, 2, 17
1975, 2, 20
1975, 2, 20
1975, 3, 2
1975, 3, 15
1975, 3, 16
1975, 3, 20
1975, 3, 21
1975, 3, 24
1975, 3, 25
1975, 3, 28
1975, 3, 30
1975, 3, 30
1975, 3, 31
1975, 4, 1
1975, 4, 5
1975, 4, 5
1975, 4, 12
1975, 4, 13
1975, 4, 16
1975, 4, 16
1975, 4, 25
1975, 4, 27
1975, 5, 12
1975, 5, 13
1975, 5, 14
1975, 5, 18
1975, 5, 21
1975, 5, 25
1975, 5, 30
1975, 6, 2
1975, 6, 2
1975, 6, 4
1975, 6, 5
1975, 6, 7
1975, 6, 7
1975, 6, 7
1975, 6, 8
1975, 6, 8
1975, 6, 10
1975, 6, 11
1975, 6, 12
1975, 6, 19
1975, 6, 23
1975, 7, 4
1975, 7, 12
1975, 7, 13
1975, 7, 17
1975, 7, 18
1975, 7, 19
1975, 7, 21
1975, 7, 28
1975, 7, 29
1975, 8, 2
1975, 8, 9
1975, 8, 10
1975, 8, 14
1975, 8, 15
1975, 8, 15
1975, 8, 19
1975, 8, 19
1975, 8, 22
1975, 8, 23
1975, 8, 25
1975, 8, 29
1975, 8, 31
1975, 9, 1
1975, 9, 6
1975, 9, 7
1975, 9, 7
1975, 9, 7
1975, 9, 12
1975, 9, 20
1975, 9, 21
1975, 9, 22
1975, 9, 27
1975, 9, 28
1975, 10, 1
1975, 10, 2
1975, 10, 9
1975, 10, 11
1975, 10, 26
1975, 10, 30
1975, 11, 4
1975, 11, 8
1975, 11, 12
1975, 11, 15
1975, 11, 18
1975, 11, 20
1975, 11, 21
1975, 11, 22
1975, 11, 24
1975, 11, 25
1975, 11, 29
1975, 12, 1
1975, 12, 3
1975, 12, 4
1975, 12, 8
1975, 12, 9
1975, 12, 12
1975, 12, 12
1975, 12, 12
1975, 12, 12
1975, 12, 12
1975, 12, 12
1975, 12, 12
1975, 12, 12
1975, 12, 12
1975, 12, 12
1975, 12, 12
1975, 12, 12
1975, 12, 12
1975, 12, 12
1975, 12, 18
1975, 12, 21
1975, 12, 24
1975, 12, 24
1975, 12, 27
1975, 12, 28
1975, 12, 28
1975, 12, 31
1976, 1, 2
1976, 1, 7
1976, 1, 8
1976, 1, 8
1976, 1, 8
1976, 1, 12
1976, 1, 21
1976, 1, 23
1976, 1, 23
1976, 1, 24
1976, 1, 24
1976, 1, 28
1976, 2, 5
1976, 2, 7
1976, 2, 11
1976, 2, 11
1976, 2, 11
1976, 2, 12
1976, 2, 14
1976, 2, 17
1976, 2, 21
1976, 2, 21
1976, 2, 27
1976, 2, 29
1976, 3, 1
1976, 3, 3
1976, 3, 4
1976, 3, 5
1976, 3, 14
1976, 3, 15
1976, 3, 17
1976, 3, 19
1976, 3, 21
1976, 3, 27
1976, 3, 29
1976, 4, 1
1976, 4, 1
1976, 4, 2
1976, 4, 8
1976, 4, 12
1976, 4, 14
1976, 4, 19
1976, 4, 20
1976, 4, 25
1976, 5, 2
1976, 5, 3
1976, 5, 3
1976, 5, 7
1976, 5, 8
1976, 5, 15
1976, 5, 15
1976, 5, 18
1976, 5, 20
1976, 5, 23
1976, 5, 29
1976, 6, 2
1976, 6, 2
1976, 6, 7
1976, 6, 13
1976, 6, 13
1976, 6, 22
1976, 6, 23
1976, 6, 24
1976, 6, 27
1976, 6, 29
1976, 7, 4
1976, 7, 4
1976, 7, 5
1976, 7, 15
1976, 7, 17
1976, 7, 19
1976, 7, 21
1976, 7, 26
1976, 7, 29
1976, 8, 6
1976, 8, 8
1976, 8, 14
1976, 8, 20
1976, 8, 20
1976, 8, 20
1976, 8, 24
1976, 8, 26
1976, 8, 28
1976, 8, 31
1976, 9, 1
1976, 9, 4
1976, 9, 7
1976, 9, 10
1976, 9, 12
1976, 9, 19
1976, 9, 25
1976, 9, 26
1976, 9, 27
1976, 9, 28
1976, 9, 28
1976, 10, 1
1976, 10, 1
1976, 10, 7
1976, 10, 12
1976, 10, 12
1976, 10, 18
1976, 10, 19
1976, 10, 23
1976, 10, 24
1976, 10, 24
1976, 10, 29
1976, 11, 2
1976, 11, 2
1976, 11, 9
1976, 11, 13
1976, 11, 18
1976, 11, 18
1976, 11, 19
1976, 11, 20
1976, 11, 22
1976, 11, 23
1976, 11, 23
1976, 11, 25
1976, 11, 25
1976, 11, 27
1976, 11, 28
1976, 12, 2
1976, 12, 4
1976, 12, 5
1976, 12, 8
1976, 12, 12
1976, 12, 12
1976, 12, 13
1976, 12, 15
1976, 12, 23
1976, 12, 24
1976, 12, 24
1976, 12, 26
1977, 1, 1
1977, 1, 1
1977, 1, 1
1977, 1, 4
1977, 1, 6
1977, 1, 6
1977, 1, 7
1977, 1, 8
1977, 1, 11
1977, 1, 12
1977, 1, 13
1977, 1, 15
1977, 1, 16
1977, 1, 22
1977, 1, 24
1977, 1, 27
1977, 1, 29
1977, 1, 29
1977, 2, 1
1977, 2, 5
1977, 2, 5
1977, 2, 7
1977, 2, 10
1977, 2, 10
1977, 2, 17
1977, 2, 17
1977, 2, 20
1977, 2, 20
1977, 2, 26
1977, 2, 26
1977, 2, 28
1977, 3, 5
1977, 3, 6
1977, 3, 6
1977, 3, 9
1977, 3, 22
1977, 3, 22
1977, 3, 29
1977, 4, 6
1977, 4, 13
1977, 4, 13
1977, 4, 14
1977, 4, 17
1977, 4, 21
1977, 4, 22
1977, 4, 24
1977, 4, 25
1977, 4, 26
1977, 4, 28
1977, 4, 29
1977, 4, 30
1977, 5, 1
1977, 5, 3
1977, 5, 13
1977, 5, 18
1977, 5, 20
1977, 5, 22
1977, 5, 31
1977, 6, 1
1977, 6, 4
1977, 6, 13
1977, 6, 14
1977, 6, 16
1977, 6, 20
1977, 6, 22
1977, 6, 26
1977, 6, 27
1977, 6, 27
1977, 6, 28
1977, 7, 4
1977, 7, 5
1977, 7, 5
1977, 7, 8
1977, 7, 8
1977, 7, 12
1977, 7, 12
1977, 7, 14
1977, 7, 17
1977, 7, 18
1977, 7, 19
1977, 7, 23
1977, 7, 26
1977, 7, 30
1977, 7, 30
1977, 7, 30
1977, 8, 5
1977, 8, 5
1977, 8, 6
1977, 8, 12
1977, 8, 13
1977, 8, 17
1977, 8, 20
1977, 8, 22
1977, 8, 26
1977, 8, 28
1977, 9, 3
1977, 9, 4
1977, 9, 4
1977, 9, 4
1977, 9, 4
1977, 9, 4
1977, 9, 4
1977, 9, 8
1977, 9, 10
1977, 9, 11
1977, 9, 12
1977, 9, 12
1977, 9, 16
1977, 9, 18
1977, 9, 18
1977, 9, 26
1977, 9, 27
1977, 9, 27
1977, 10, 1
1977, 10, 6
1977, 10, 7
1977, 10, 9
1977, 10, 23
1977, 10, 31
1977, 11, 7
1977, 11, 12
1977, 11, 12
1977, 11, 14
1977, 11, 18
1977, 11, 26
1977, 11, 27
1977, 11, 28
1977, 12, 3
1977, 12, 5
1977, 12, 5
1977, 12, 6
1977, 12, 10
1977, 12, 10
1977, 12, 18
1977, 12, 20
1977, 12, 27
1977, 12, 28
1977, 12, 31
1978, 1, 6
1978, 1, 9
1978, 1, 12
1978, 1, 16
1978, 1, 24
1978, 1, 27
1978, 1, 28
1978, 2, 4
1978, 2, 4
1978, 2, 6
1978, 2, 6
1978, 2, 8
1978, 2, 9
1978, 2, 10
1978, 2, 13
1978, 2, 20
1978, 2, 28
1978, 2, 28
1978, 3, 1
1978, 3, 1
1978, 3, 3
1978, 3, 4
1978, 3, 12
1978, 3, 22
1978, 3, 22
1978, 3, 23
1978, 3, 26
1978, 3, 28
1978, 3, 28
1978, 3, 29
1978, 3, 31
1978, 4, 2
1978, 4, 3
1978, 4, 5
1978, 4, 7
1978, 4, 7
1978, 4, 8
1978, 4, 11
1978, 4, 14
1978, 4, 16
1978, 4, 18
1978, 4, 18
1978, 4, 20
1978, 4, 20
1978, 4, 24
1978, 4, 29
1978, 4, 29
1978, 4, 30
1978, 5, 3
1978, 5, 5
1978, 5, 5
1978, 5, 9
1978, 5, 11
1978, 5, 13
1978, 5, 17
1978, 5, 18
1978, 5, 19
1978, 5, 30
1978, 5, 31
1978, 6, 21
1978, 6, 21
1978, 6, 21
1978, 6, 21
1978, 6, 23
1978, 6, 24
1978, 6, 25
1978, 6, 25
1978, 6, 29
1978, 7, 6
1978, 7, 16
1978, 7, 19
1978, 7, 19
1978, 7, 25
1978, 7, 29
1978, 7, 31
1978, 8, 13
1978, 8, 14
1978, 8, 19
1978, 8, 23
1978, 8, 28
1978, 8, 28
1978, 8, 31
1978, 9, 2
1978, 9, 2
1978, 9, 3
1978, 9, 10
1978, 9, 10
1978, 9, 12
1978, 9, 15
1978, 9, 17
1978, 9, 17
1978, 9, 19
1978, 9, 20
1978, 9, 29
1978, 10, 3
1978, 10, 24
1978, 10, 26
1978, 11, 5
1978, 11, 10
1978, 11, 16
1978, 11, 16
1978, 11, 18
1978, 11, 19
1978, 11, 23
1978, 11, 27
1978, 11, 27
1978, 11, 28
1978, 12, 6
1978, 12, 8
1978, 12, 15
1978, 12, 22
1978, 12, 23
1978, 12, 30
1979, 1, 3
1979, 1, 3
1979, 1, 4
1979, 1, 8
1979, 1, 9
1979, 1, 10
1979, 1, 11
1979, 1, 11
1979, 1, 14
1979, 1, 19
1979, 1, 26
1979, 2, 2
1979, 2, 8
1979, 2, 11
1979, 2, 11
1979, 2, 11
1979, 2, 16
1979, 2, 20
1979, 2, 26
1979, 3, 10
1979, 3, 20
1979, 3, 23
1979, 3, 26
1979, 3, 28
1979, 3, 28
1979, 3, 29
1979, 4, 16
1979, 4, 20
1979, 4, 21
1979, 4, 27
1979, 5, 6
1979, 5, 9
1979, 5, 12
1979, 5, 13
1979, 5, 17
1979, 5, 20
1979, 5, 29
1979, 5, 30
1979, 5, 31
1979, 6, 10
1979, 6, 15
1979, 6, 19
1979, 6, 26
1979, 6, 29
1979, 7, 1
1979, 7, 5
1979, 7, 8
1979, 7, 12
1979, 7, 16
1979, 7, 19
1979, 7, 19
1979, 7, 19
1979, 7, 27
1979, 7, 29
1979, 7, 30
1979, 8, 1
1979, 8, 5
1979, 8, 5
1979, 8, 7
1979, 8, 13
1979, 8, 15
1979, 8, 29
1979, 9, 6
1979, 9, 10
1979, 9, 13
1979, 9, 14
1979, 9, 17
1979, 9, 20
1979, 9, 20
1979, 9, 22
1979, 9, 25
1979, 9, 26
1979, 9, 27
1979, 10, 4
1979, 10, 12
1979, 10, 15
1979, 10, 21
1979, 10, 26
1979, 11, 3
1979, 11, 4
1979, 11, 7
1979, 11, 8
1979, 11, 10
1979, 11, 10
1979, 11, 11
1979, 11, 11
1979, 11, 12
1979, 11, 15
1979, 11, 17
1979, 11, 17
1979, 11, 17
1979, 11, 17
1979, 11, 23
1979, 11, 25
1979, 11, 29
1979, 12, 2
1979, 12, 2
1979, 12, 8
1979, 12, 14
1979, 12, 15
1979, 12, 24
1979, 12, 24
1979, 12, 24
1979, 12, 25
1979, 12, 25
1979, 12, 27
1979, 12, 30
1979, 12, 31
1980, 1, 7
1980, 1, 8
1980, 1, 8
1980, 1, 10
1980, 1, 15
1980, 1, 16
1980, 1, 29
1980, 2, 8
1980, 2, 12
1980, 2, 28
1980, 2, 29
1980, 3, 1
1980, 3, 1
1980, 3, 8
1980, 3, 18
1980, 3, 25
1980, 3, 25
1980, 3, 26
1980, 3, 27
1980, 4, 12
1980, 4, 22
1980, 4, 26
1980, 4, 29
1980, 5, 10
1980, 5, 17
1980, 6, 4
1980, 6, 4
1980, 6, 5
1980, 6, 6
1980, 6, 7
1980, 6, 10
1980, 6, 13
1980, 6, 14
1980, 6, 14
1980, 6, 18
1980, 6, 19
1980, 6, 21
1980, 6, 24
1980, 6, 27
1980, 6, 28
1980, 6, 28
1980, 6, 29
1980, 7, 7
1980, 7, 8
1980, 7, 10
1980, 7, 11
1980, 7, 12
1980, 7, 12
1980, 7, 18
1980, 7, 20
1980, 7, 25
1980, 7, 26
1980, 8, 4
1980, 8, 8
1980, 8, 9
1980, 8, 9
1980, 8, 14
1980, 8, 16
1980, 8, 16
1980, 8, 18
1980, 8, 18
1980, 8, 22
1980, 8, 23
1980, 8, 29
1980, 9, 1
1980, 9, 6
1980, 9, 6
1980, 9, 6
1980, 9, 7
1980, 9, 12
1980, 9, 12
1980, 9, 13
1980, 9, 16
1980, 9, 19
1980, 9, 20
1980, 9, 20
1980, 9, 21
1980, 9, 25
1980, 9, 27
1980, 9, 28
1980, 10, 1
1980, 10, 2
1980, 10, 13
1980, 10, 17
1980, 10, 18
1980, 10, 21
1980, 10, 27
1980, 11, 2
1980, 11, 2
1980, 11, 6
1980, 11, 8
1980, 11, 8
1980, 11, 8
1980, 11, 10
1980, 11, 20
1980, 11, 23
1980, 11, 24
1980, 11, 28
1980, 12, 2
1980, 12, 8
1980, 12, 10
1980, 12, 14
1980, 12, 15
1980, 12, 18
1980, 12, 24
1980, 12, 25
1980, 12, 30
1981, 1, 1
1981, 1, 1
1981, 1, 17
1981, 1, 19
1981, 1, 20
1981, 1, 25
1981, 1, 30
1981, 1, 30
1981, 1, 31
1981, 2, 1
1981, 2, 5
1981, 2, 5
1981, 2, 11
1981, 2, 15
1981, 2, 23
1981, 3, 2
1981, 3, 3
1981, 3, 3
1981, 3, 7
1981, 3, 7
1981, 3, 7
1981, 3, 9
1981, 3, 16
1981, 3, 19
1981, 3, 21
1981, 3, 21
1981, 3, 21
1981, 3, 27
1981, 4, 1
1981, 4, 5
1981, 4, 6
1981, 4, 13
1981, 4, 17
1981, 4, 19
1981, 4, 27
1981, 4, 29
1981, 5, 5
1981, 5, 8
1981, 5, 12
1981, 5, 12
1981, 5, 16
1981, 5, 17
1981, 5, 18
1981, 5, 19
1981, 5, 25
1981, 5, 25
1981, 5, 25
1981, 5, 27
1981, 5, 28
1981, 5, 28
1981, 6, 4
1981, 6, 15
1981, 6, 15
1981, 6, 16
1981, 6, 19
1981, 6, 28
1981, 6, 29
1981, 7, 5
1981, 7, 6
1981, 7, 7
1981, 7, 7
1981, 7, 19
1981, 7, 21
1981, 7, 21
1981, 7, 22
1981, 7, 24
1981, 7, 24
1981, 7, 27
1981, 7, 29
1981, 7, 29
1981, 8, 1
1981, 8, 3
1981, 8, 8
1981, 8, 8
1981, 8, 9
1981, 8, 12
1981, 8, 14
1981, 8, 16
1981, 8, 17
1981, 8, 17
1981, 8, 21
1981, 8, 24
1981, 8, 24
1981, 8, 24
1981, 8, 25
1981, 8, 25
1981, 8, 26
1981, 8, 31
1981, 9, 2
1981, 9, 7
1981, 9, 13
1981, 9, 15
1981, 9, 17
1981, 9, 19
1981, 9, 25
1981, 9, 26
1981, 9, 27
1981, 9, 27
1981, 10, 4
1981, 10, 7
1981, 10, 16
1981, 10, 19
1981, 10, 26
1981, 11, 1
1981, 11, 3
1981, 11, 4
1981, 11, 7
1981, 11, 7
1981, 11, 12
1981, 11, 13
1981, 11, 16
1981, 11, 20
1981, 11, 21
1981, 11, 27
1981, 12, 2
1981, 12, 13
1981, 12, 15
1981, 12, 15
1981, 12, 19
1981, 12, 30
1981, 12, 30
1982, 1, 1
1982, 1, 3
1982, 1, 3
1982, 1, 7
1982, 1, 10
1982, 1, 14
1982, 1, 16
1982, 1, 17
1982, 1, 18
1982, 1, 21
1982, 1, 22
1982, 1, 26
1982, 1, 26
1982, 1, 28
1982, 1, 28
1982, 1, 28
1982, 1, 29
1982, 2, 5
1982, 2, 7
1982, 2, 20
1982, 2, 21
1982, 2, 25
1982, 2, 25
1982, 2, 28
1982, 3, 8
1982, 3, 11
1982, 3, 18
1982, 3, 19
1982, 3, 19
1982, 3, 19
1982, 3, 19
1982, 3, 22
1982, 3, 29
1982, 4, 12
1982, 4, 12
1982, 4, 12
1982, 4, 13
1982, 4, 19
1982, 4, 21
1982, 4, 21
1982, 4, 25
1982, 5, 2
1982, 5, 9
1982, 5, 10
1982, 5, 18
1982, 5, 19
1982, 5, 19
1982, 5, 25
1982, 5, 25
1982, 5, 25
1982, 5, 26
1982, 5, 29
1982, 6, 3
1982, 6, 11
1982, 6, 14
1982, 6, 21
1982, 6, 21
1982, 6, 26
1982, 6, 27
1982, 6, 28
1982, 7, 1
1982, 7, 1
1982, 7, 6
1982, 7, 6
1982, 7, 17
1982, 7, 22
1982, 7, 23
1982, 7, 24
1982, 7, 24
1982, 8, 4
1982, 8, 5
1982, 8, 21
1982, 8, 24
1982, 8, 28
1982, 8, 28
1982, 9, 2
1982, 9, 3
1982, 9, 21
1982, 9, 23
1982, 9, 25
1982, 9, 28
1982, 10, 5
1982, 10, 5
1982, 10, 5
1982, 10, 8
1982, 10, 10
1982, 10, 16
1982, 10, 21
1982, 10, 21
1982, 10, 31
1982, 11, 1
1982, 11, 4
1982, 11, 5
1982, 11, 23
1982, 11, 24
1982, 11, 26
1982, 11, 27
1982, 11, 27
1982, 11, 29
1982, 12, 13
1982, 12, 15
1982, 12, 18
1982, 12, 18
1982, 12, 22
1982, 12, 23
1982, 12, 24
1983, 1, 5
1983, 1, 16
1983, 1, 19
1983, 1, 21
1983, 1, 21
1983, 1, 21
1983, 2, 8
1983, 2, 8
1983, 2, 13
1983, 2, 17
1983, 2, 20
1983, 2, 21
1983, 2, 23
1983, 3, 6
1983, 3, 19
1983, 3, 25
1983, 3, 27
1983, 3, 29
1983, 4, 10
1983, 4, 11
1983, 4, 12
1983, 4, 14
1983, 4, 19
1983, 4, 26
1983, 5, 3
1983, 5, 3
1983, 5, 3
1983, 5, 4
1983, 5, 6
1983, 5, 6
1983, 5, 6
1983, 5, 6
1983, 5, 18
1983, 5, 26
1983, 5, 26
1983, 5, 28
1983, 6, 5
1983, 6, 5
1983, 6, 7
1983, 6, 13
1983, 6, 18
1983, 6, 26
1983, 6, 26
1983, 6, 29
1983, 6, 30
1983, 7, 10
1983, 7, 18
1983, 7, 23
1983, 7, 24
1983, 7, 27
1983, 7, 27
1983, 7, 29
1983, 8, 5
1983, 8, 7
1983, 8, 9
1983, 8, 12
1983, 8, 14
1983, 8, 17
1983, 8, 18
1983, 8, 19
1983, 8, 23
1983, 9, 2
1983, 9, 4
1983, 9, 19
1983, 9, 21
1983, 9, 24
1983, 10, 2
1983, 10, 8
1983, 10, 16
1983, 10, 21
1983, 10, 21
1983, 10, 23
1983, 10, 26
1983, 11, 4
1983, 11, 10
1983, 11, 16
1983, 11, 28
1983, 11, 29
1983, 12, 21
1983, 12, 29
1983, 12, 31
1984, 1, 2
1984, 1, 2
1984, 1, 3
1984, 1, 3
1984, 1, 12
1984, 1, 13
1984, 1, 15
1984, 1, 19
1984, 1, 19
1984, 2, 20
1984, 3, 18
1984, 3, 23
1984, 3, 24
1984, 3, 28
1984, 4, 3
1984, 4, 6
1984, 4, 10
1984, 4, 10
1984, 4, 14
1984, 4, 22
1984, 4, 28
1984, 5, 1
1984, 5, 6
1984, 5, 9
1984, 5, 23
1984, 5, 24
1984, 5, 24
1984, 5, 28
1984, 6, 2
1984, 6, 6
1984, 6, 7
1984, 7, 6
1984, 7, 11
1984, 7, 19
1984, 7, 29
1984, 8, 2
1984, 8, 2
1984, 8, 4
1984, 8, 6
1984, 8, 11
1984, 8, 21
1984, 8, 24
1984, 9, 15
1984, 9, 15
1984, 9, 18
1984, 9, 19
1984, 9, 20
1984, 9, 22
1984, 9, 23
1984, 9, 23
1984, 10, 1
1984, 10, 21
1984, 10, 22
1984, 10, 23
1984, 10, 27
1984, 10, 27
1984, 11, 11
1984, 11, 13
1984, 11, 24
1984, 11, 26
1984, 11, 27
1984, 12, 9
1984, 12, 10
1984, 12, 11
1984, 12, 11
1984, 12, 12
1984, 12, 14
1984, 12, 14
1984, 12, 17
1984, 12, 18
1984, 12, 20
1984, 12, 29
1985, 1, 1
1985, 1, 4
1985, 1, 11
1985, 1, 12
1985, 1, 25
1985, 1, 28
1985, 2, 12
1985, 2, 15
1985, 2, 15
1985, 2, 21
1985, 2, 21
1985, 2, 26
1985, 3, 4
1985, 3, 4
1985, 3, 17
1985, 3, 29
1985, 4, 12
1985, 4, 19
1985, 4, 20
1985, 4, 24
1985, 4, 27
1985, 5, 3
1985, 5, 7
1985, 5, 10
1985, 5, 13
1985, 5, 14
1985, 5, 23
1985, 5, 24
1985, 5, 25
1985, 5, 27
1985, 5, 27
1985, 6, 2
1985, 6, 8
1985, 6, 15
1985, 6, 25
1985, 6, 27
1985, 7, 3
1985, 7, 5
1985, 7, 5
1985, 7, 6
1985, 7, 7
1985, 7, 12
1985, 7, 17
1985, 7, 18
1985, 7, 21
1985, 7, 28
1985, 7, 31
1985, 8, 2
1985, 8, 2
1985, 8, 6
1985, 8, 9
1985, 8, 18
1985, 8, 23
1985, 8, 24
1985, 8, 27
1985, 9, 7
1985, 9, 20
1985, 9, 22
1985, 9, 22
1985, 9, 23
1985, 9, 27
1985, 10, 4
1985, 10, 15
1985, 10, 15
1985, 10, 30
1985, 11, 1
1985, 11, 2
1985, 11, 3
1985, 11, 5
1985, 11, 6
1985, 11, 15
1985, 11, 21
1985, 11, 24
1985, 11, 29
1985, 12, 1
1985, 12, 4
1985, 12, 14
1985, 12, 15
1985, 12, 19
1985, 12, 20
1985, 12, 25
1986, 1, 1
1986, 1, 18
1986, 1, 18
1986, 1, 19
1986, 1, 21
1986, 1, 25
1986, 2, 5
1986, 2, 5
1986, 2, 10
1986, 2, 11
1986, 2, 12
1986, 2, 13
1986, 2, 13
1986, 2, 15
1986, 2, 15
1986, 2, 22
1986, 3, 5
1986, 3, 10
1986, 3, 16
1986, 3, 23
1986, 4, 4
1986, 4, 4
1986, 4, 4
1986, 4, 4
1986, 4, 4
1986, 4, 4
1986, 4, 6
1986, 4, 6
1986, 4, 16
1986, 4, 17
1986, 4, 18
1986, 4, 27
1986, 5, 8
1986, 5, 10
1986, 5, 12
1986, 5, 18
1986, 5, 18
1986, 5, 18
1986, 5, 19
1986, 5, 20
1986, 5, 24
1986, 5, 27
1986, 5, 27
1986, 5, 27
1986, 5, 30
1986, 6, 3
1986, 6, 9
1986, 6, 12
1986, 6, 15
1986, 6, 15
1986, 6, 21
1986, 6, 22
1986, 6, 29
1986, 6, 30
1986, 7, 6
1986, 7, 10
1986, 7, 13
1986, 7, 14
1986, 7, 18
1986, 7, 19
1986, 7, 23
1986, 7, 24
1986, 7, 28
1986, 7, 30
1986, 7, 31
1986, 8, 3
1986, 8, 5
1986, 8, 11
1986, 8, 16
1986, 8, 20
1986, 8, 24
1986, 9, 4
1986, 9, 6
1986, 9, 6
1986, 9, 8
1986, 9, 9
1986, 9, 12
1986, 9, 17
1986, 9, 20
1986, 9, 26
1986, 9, 26
1986, 10, 6
1986, 10, 9
1986, 10, 16
1986, 10, 20
1986, 10, 20
1986, 10, 24
1986, 10, 31
1986, 11, 8
1986, 11, 10
1986, 11, 11
1986, 11, 15
1986, 12, 3
1986, 12, 4
1986, 12, 6
1986, 12, 7
1986, 12, 9
1986, 12, 11
1986, 12, 25
1986, 12, 27
1986, 12, 28
1986, 12, 31
1987, 1, 1
1987, 1, 6
1987, 1, 16
1987, 1, 22
1987, 2, 3
1987, 2, 5
1987, 2, 8
1987, 2, 9
1987, 2, 12
1987, 2, 14
1987, 2, 21
1987, 2, 27
1987, 3, 1
1987, 3, 2
1987, 3, 10
1987, 3, 11
1987, 3, 12
1987, 3, 15
1987, 3, 16
1987, 3, 26
1987, 3, 29
1987, 4, 2
1987, 4, 23
1987, 4, 27
1987, 5, 1
1987, 5, 2
1987, 5, 3
1987, 5, 5
1987, 5, 7
1987, 5, 12
1987, 5, 21
1987, 5, 27
1987, 5, 30
1987, 5, 30
1987, 6, 2
1987, 6, 5
1987, 6, 7
1987, 6, 9
1987, 6, 11
1987, 6, 13
1987, 6, 20
1987, 7, 6
1987, 7, 7
1987, 7, 12
1987, 7, 12
1987, 7, 20
1987, 7, 24
1987, 7, 29
1987, 8, 1
1987, 8, 2
1987, 8, 5
1987, 8, 6
1987, 8, 9
1987, 8, 9
1987, 8, 11
1987, 8, 12
1987, 8, 14
1987, 8, 15
1987, 8, 15
1987, 8, 23
1987, 8, 30
1987, 9, 6
1987, 9, 7
1987, 9, 19
1987, 9, 21
1987, 9, 24
1987, 9, 27
1987, 10, 3
1987, 10, 6
1987, 10, 6
1987, 10, 7
1987, 10, 9
1987, 10, 11
1987, 10, 18
1987, 10, 25
1987, 10, 26
1987, 10, 28
1987, 10, 29
1987, 11, 1
1987, 11, 4
1987, 11, 11
1987, 11, 11
1987, 11, 11
1987, 11, 13
1987, 11, 17
1987, 11, 17
1987, 11, 28
1987, 12, 3
1987, 12, 7
1987, 12, 8
1987, 12, 10
1987, 12, 15
1987, 12, 23
1987, 12, 23
1987, 12, 24
1987, 12, 24
1987, 12, 28
1987, 12, 28
1988, 1, 4
1988, 1, 10
1988, 1, 12
1988, 1, 23
1988, 2, 2
1988, 2, 5
1988, 2, 8
1988, 2, 15
1988, 2, 15
1988, 2, 22
1988, 2, 22
1988, 2, 26
1988, 2, 27
1988, 3, 5
1988, 3, 16
1988, 3, 18
1988, 3, 20
1988, 3, 23
1988, 3, 28
1988, 3, 29
1988, 4, 6
1988, 4, 12
1988, 4, 16
1988, 4, 17
1988, 4, 24
1988, 5, 8
1988, 5, 9
1988, 5, 9
1988, 5, 9
1988, 5, 13
1988, 5, 18
1988, 5, 19
1988, 5, 24
1988, 5, 27
1988, 5, 27
1988, 5, 31
1988, 6, 3
1988, 6, 3
1988, 6, 3
1988, 6, 14
1988, 6, 16
1988, 6, 24
1988, 6, 26
1988, 6, 28
1988, 7, 10
1988, 7, 12
1988, 7, 14
1988, 7, 16
1988, 7, 17
1988, 7, 18
1988, 7, 19
1988, 7, 21
1988, 7, 23
1988, 8, 4
1988, 8, 6
1988, 8, 13
1988, 8, 15
1988, 8, 17
1988, 8, 21
1988, 8, 22
1988, 8, 23
1988, 8, 24
1988, 8, 29
1988, 9, 1
1988, 9, 1
1988, 9, 2
1988, 9, 6
1988, 9, 6
1988, 9, 26
1988, 9, 26
1988, 10, 1
1988, 10, 4
1988, 10, 8
1988, 10, 10
1988, 10, 20
1988, 10, 24
1988, 10, 25
1988, 10, 29
1988, 10, 29
1988, 11, 3
1988, 11, 9
1988, 11, 11
1988, 11, 28
1988, 11, 30
1988, 12, 2
1988, 12, 8
1988, 12, 15
1988, 12, 15
1988, 12, 28
1989, 1, 1
1989, 2, 1
1989, 2, 5
1989, 2, 11
1989, 2, 11
1989, 2, 14
1989, 2, 16
1989, 2, 17
1989, 2, 24
1989, 2, 27
1989, 3, 4
1989, 3, 5
1989, 3, 6
1989, 3, 15
1989, 3, 16
1989, 3, 22
1989, 3, 25
1989, 3, 26
1989, 4, 2
1989, 4, 6
1989, 4, 8
1989, 4, 8
1989, 4, 16
1989, 4, 30
1989, 5, 1
1989, 5, 19
1989, 5, 26
1989, 5, 27
1989, 5, 28
1989, 5, 29
1989, 6, 1
1989, 6, 3
1989, 6, 5
1989, 6, 8
1989, 6, 18
1989, 6, 21
1989, 6, 23
1989, 6, 27
1989, 7, 9
1989, 7, 14
1989, 7, 14
1989, 7, 24
1989, 7, 25
1989, 7, 25
1989, 7, 25
1989, 7, 30
1989, 8, 1
1989, 8, 8
1989, 8, 13
1989, 8, 19
1989, 8, 30
1989, 9, 7
1989, 9, 9
1989, 9, 13
1989, 9, 18
1989, 10, 11
1989, 10, 16
1989, 10, 17
1989, 10, 17
1989, 10, 17
1989, 10, 17
1989, 10, 31
1989, 11, 1
1989, 11, 8
1989, 11, 13
1989, 12, 9
1989, 12, 13
1989, 12, 22
1989, 12, 28
1989, 12, 29
1990, 1, 6
1990, 1, 10
1990, 1, 11
1990, 1, 12
1990, 1, 13
1990, 1, 15
1990, 1, 16
1990, 1, 18
1990, 1, 23
1990, 1, 26
1990, 1, 26
1990, 2, 16
1990, 3, 4
1990, 3, 5
1990, 3, 6
1990, 3, 9
1990, 3, 9
1990, 3, 11
1990, 3, 14
1990, 3, 24
1990, 3, 24
1990, 3, 25
1990, 3, 27
1990, 3, 31
1990, 4, 7
1990, 4, 7
1990, 4, 7
1990, 4, 7
1990, 4, 8
1990, 4, 11
1990, 4, 21
1990, 4, 27
1990, 4, 30
1990, 5, 1
1990, 5, 6
1990, 5, 6
1990, 5, 12
1990, 5, 13
1990, 5, 14
1990, 5, 20
1990, 5, 22
1990, 5, 30
1990, 6, 7
1990, 6, 9
1990, 6, 17
1990, 6, 20
1990, 6, 22
1990, 6, 22
1990, 6, 23
1990, 6, 27
1990, 6, 28
1990, 6, 28
1990, 6, 29
1990, 6, 30
1990, 7, 1
1990, 7, 17
1990, 7, 21
1990, 7, 24
1990, 8, 2
1990, 8, 2
1990, 8, 3
1990, 8, 5
1990, 8, 8
1990, 8, 17
1990, 8, 18
1990, 8, 22
1990, 8, 23
1990, 8, 24
1990, 8, 25
1990, 8, 25
1990, 8, 25
1990, 9, 1
1990, 9, 3
1990, 9, 13
1990, 9, 14
1990, 9, 16
1990, 9, 18
1990, 9, 18
1990, 9, 24
1990, 10, 2
1990, 10, 3
1990, 10, 11
1990, 10, 13
1990, 10, 21
1990, 10, 23
1990, 10, 24
1990, 10, 28
1990, 11, 1
1990, 11, 3
1990, 11, 5
1990, 11, 8
1990, 11, 17
1990, 11, 17
1990, 11, 17
1990, 12, 7
1990, 12, 11
1990, 12, 22
1990, 12, 23
1990, 12, 29
1991, 1, 1
1991, 1, 9
1991, 1, 13
1991, 1, 17
1991, 1, 21
1991, 2, 1
1991, 2, 4
1991, 2, 8
1991, 2, 14
1991, 2, 22
1991, 2, 25
1991, 2, 27
1991, 3, 27
1991, 3, 29
1991, 4, 2
1991, 4, 8
1991, 4, 10
1991, 4, 16
1991, 4, 17
1991, 4, 19
1991, 4, 19
1991, 4, 19
1991, 5, 5
1991, 5, 22
1991, 5, 31
1991, 6, 4
1991, 6, 4
1991, 6, 7
1991, 6, 8
1991, 6, 12
1991, 6, 17
1991, 6, 19
1991, 6, 21
1991, 6, 22
1991, 6, 24
1991, 6, 24
1991, 7, 1
1991, 7, 5
1991, 7, 6
1991, 7, 12
1991, 7, 15
1991, 7, 25
1991, 7, 29
1991, 7, 31
1991, 8, 1
1991, 8, 1
1991, 8, 3
1991, 8, 3
1991, 8, 9
1991, 8, 11
1991, 8, 13
1991, 8, 16
1991, 8, 19
1991, 8, 24
1991, 8, 25
1991, 8, 26
1991, 8, 29
1991, 8, 29
1991, 8, 29
1991, 9, 1
1991, 9, 5
1991, 9, 6
1991, 9, 9
1991, 9, 11
1991, 9, 21
1991, 9, 22
1991, 9, 23
1991, 9, 24
1991, 9, 25
1991, 9, 25
1991, 9, 25
1991, 10, 4
1991, 10, 4
1991, 10, 9
1991, 10, 22
1991, 10, 28
1991, 11, 2
1991, 11, 7
1991, 11, 8
1991, 11, 9
1991, 11, 11
1991, 11, 19
1991, 11, 23
1991, 11, 23
1991, 11, 24
1991, 11, 24
1991, 11, 25
1991, 12, 1
1991, 12, 5
1991, 12, 13
1991, 12, 17
1991, 12, 21
1991, 12, 22
1991, 12, 25
1991, 12, 25
1992, 1, 2
1992, 1, 2
1992, 1, 9
1992, 1, 11
1992, 1, 12
1992, 1, 14
1992, 1, 19
1992, 1, 22
1992, 1, 24
1992, 1, 26
1992, 1, 26
1992, 1, 27
1992, 1, 31
1992, 2, 11
1992, 2, 11
1992, 2, 22
1992, 2, 24
1992, 2, 24
1992, 2, 25
1992, 3, 1
1992, 3, 1
1992, 3, 7
1992, 3, 12
1992, 3, 16
1992, 3, 16
1992, 3, 16
1992, 3, 18
1992, 3, 21
1992, 4, 7
1992, 4, 16
1992, 4, 18
1992, 4, 20
1992, 4, 23
1992, 4, 23
1992, 4, 25
1992, 5, 1
1992, 5, 2
1992, 5, 2
1992, 5, 7
1992, 5, 10
1992, 5, 17
1992, 5, 18
1992, 5, 21
1992, 5, 24
1992, 5, 24
1992, 5, 27
1992, 5, 27
1992, 5, 27
1992, 5, 30
1992, 6, 1
1992, 6, 2
1992, 6, 5
1992, 6, 6
1992, 6, 12
1992, 6, 16
1992, 6, 17
1992, 6, 18
1992, 6, 18
1992, 6, 24
1992, 7, 4
1992, 7, 5
1992, 7, 13
1992, 7, 13
1992, 7, 15
1992, 7, 18
1992, 7, 20
1992, 7, 29
1992, 7, 29
1992, 8, 4
1992, 8, 4
1992, 8, 6
1992, 8, 9
1992, 8, 12
1992, 8, 16
1992, 8, 20
1992, 9, 2
1992, 9, 5
1992, 9, 9
1992, 9, 13
1992, 9, 15
1992, 9, 18
1992, 9, 18
1992, 9, 19
1992, 9, 20
1992, 9, 20
1992, 9, 20
1992, 9, 20
1992, 10, 3
1992, 10, 5
1992, 10, 10
1992, 10, 11
1992, 10, 12
1992, 10, 20
1992, 10, 21
1992, 10, 24
1992, 10, 25
1992, 10, 27
1992, 11, 8
1992, 11, 8
1992, 11, 11
1992, 11, 18
1992, 11, 21
1992, 11, 21
1992, 11, 28
1992, 12, 6
1992, 12, 6
1992, 12, 10
1992, 12, 10
1992, 12, 11
1992, 12, 13
1992, 12, 15
1992, 12, 25
1992, 12, 26
1992, 12, 30
1993, 1, 1
1993, 1, 4
1993, 1, 8
1993, 1, 9
1993, 1, 14
1993, 1, 17
1993, 1, 17
1993, 1, 19
1993, 1, 20
1993, 1, 28
1993, 1, 31
1993, 2, 3
1993, 2, 14
1993, 2, 16
1993, 2, 16
1993, 2, 17
1993, 2, 27
1993, 3, 11
1993, 3, 12
1993, 3, 12
1993, 3, 13
1993, 3, 14
1993, 3, 17
1993, 3, 17
1993, 3, 18
1993, 3, 22
1993, 3, 24
1993, 3, 24
1993, 3, 25
1993, 3, 27
1993, 3, 28
1993, 3, 30
1993, 3, 30
1993, 3, 31
1993, 4, 3
1993, 4, 3
1993, 4, 5
1993, 4, 7
1993, 4, 8
1993, 4, 11
1993, 5, 1
1993, 5, 1
1993, 5, 2
1993, 5, 12
1993, 5, 18
1993, 5, 22
1993, 5, 23
1993, 5, 30
1993, 6, 1
1993, 6, 5
1993, 6, 5
1993, 6, 8
1993, 6, 9
1993, 6, 9
1993, 6, 11
1993, 6, 16
1993, 6, 17
1993, 6, 17
1993, 6, 18
1993, 6, 20
1993, 6, 21
1993, 6, 23
1993, 6, 25
1993, 6, 25
1993, 6, 25
1993, 7, 1
1993, 7, 1
1993, 7, 1
1993, 7, 1
1993, 7, 1
1993, 7, 1
1993, 7, 1
1993, 7, 1
1993, 7, 2
1993, 7, 9
1993, 7, 20
1993, 7, 22
1993, 7, 30
1993, 7, 31
1993, 8, 6
1993, 8, 13
1993, 8, 19
1993, 8, 21
1993, 8, 25
1993, 8, 31
1993, 9, 1
1993, 9, 4
1993, 9, 8
1993, 9, 9
1993, 9, 11
1993, 9, 19
1993, 9, 21
1993, 9, 24
1993, 10, 2
1993, 10, 2
1993, 10, 6
1993, 10, 6
1993, 10, 9
1993, 10, 10
1993, 10, 13
1993, 10, 30
1993, 11, 2
1993, 11, 7
1993, 11, 9
1993, 11, 9
1993, 11, 10
1993, 11, 11
1993, 11, 13
1993, 11, 18
1993, 11, 19
1993, 11, 25
1993, 11, 25
1993, 11, 27
1993, 11, 29
1993, 11, 30
1993, 12, 2
1993, 12, 5
1993, 12, 10
1993, 12, 14
1993, 12, 17
1993, 12, 17
1993, 12, 18
1993, 12, 20
1993, 12, 24
1993, 12, 26
1993, 12, 26
1993, 12, 27
1994, 1, 1
1994, 1, 2
1994, 1, 3
1994, 1, 6
1994, 1, 8
1994, 1, 10
1994, 1, 18
1994, 1, 26
1994, 1, 28
1994, 1, 28
1994, 1, 30
1994, 1, 30
1994, 1, 31
1994, 2, 10
1994, 2, 11
1994, 2, 15
1994, 2, 19
1994, 2, 27
1994, 2, 27
1994, 3, 1
1994, 3, 5
1994, 3, 7
1994, 3, 17
1994, 3, 20
1994, 3, 24
1994, 3, 25
1994, 3, 27
1994, 3, 28
1994, 3, 28
1994, 4, 1
1994, 4, 3
1994, 4, 8
1994, 4, 12
1994, 4, 12
1994, 4, 19
1994, 4, 21
1994, 4, 21
1994, 4, 26
1994, 5, 2
1994, 5, 7
1994, 5, 9
1994, 5, 9
1994, 5, 10
1994, 5, 13
1994, 5, 21
1994, 5, 21
1994, 5, 24
1994, 5, 24
1994, 6, 3
1994, 6, 7
1994, 6, 11
1994, 6, 17
1994, 7, 5
1994, 7, 7
1994, 7, 15
1994, 7, 18
1994, 7, 19
1994, 7, 24
1994, 7, 31
1994, 8, 1
1994, 8, 2
1994, 8, 20
1994, 8, 22
1994, 8, 23
1994, 8, 28
1994, 8, 31
1994, 9, 1
1994, 9, 2
1994, 9, 7
1994, 9, 9
1994, 9, 19
1994, 10, 1
1994, 10, 2
1994, 10, 6
1994, 10, 8
1994, 10, 17
1994, 10, 22
1994, 10, 23
1994, 10, 26
1994, 10, 26
1994, 10, 30
1994, 11, 11
1994, 11, 13
1994, 12, 18
1994, 12, 23
1994, 12, 29
1994, 12, 29
1994, 12, 29
1995, 1, 5
1995, 1, 10
1995, 1, 11
1995, 1, 17
1995, 1, 18
1995, 1, 18
1995, 1, 20
1995, 1, 23
1995, 1, 27
1995, 2, 13
1995, 2, 19
1995, 2, 22
1995, 2, 25
1995, 3, 8
1995, 3, 11
1995, 3, 13
1995, 3, 13
1995, 3, 23
1995, 3, 27
1995, 4, 4
1995, 4, 5
1995, 4, 5
1995, 4, 5
1995, 4, 7
1995, 4, 7
1995, 4, 16
1995, 4, 22
1995, 4, 23
1995, 4, 23
1995, 4, 26
1995, 5, 6
1995, 5, 12
1995, 5, 13
1995, 5, 18
1995, 5, 21
1995, 5, 22
1995, 5, 24
1995, 5, 25
1995, 5, 25
1995, 5, 29
1995, 6, 2
1995, 6, 4
1995, 6, 14
1995, 6, 25
1995, 7, 3
1995, 7, 5
1995, 7, 6
1995, 7, 9
1995, 7, 9
1995, 7, 13
1995, 7, 19
1995, 7, 22
1995, 7, 25
1995, 7, 26
1995, 7, 27
1995, 8, 2
1995, 8, 5
1995, 8, 8
1995, 8, 18
1995, 8, 22
1995, 8, 25
1995, 8, 28
1995, 8, 30
1995, 9, 8
1995, 9, 19
1995, 9, 20
1995, 9, 21
1995, 9, 21
1995, 9, 23
1995, 9, 24
1995, 9, 30
1995, 9, 30
1995, 10, 5
1995, 10, 5
1995, 10, 6
1995, 10, 13
1995, 10, 17
1995, 10, 17
1995, 10, 19
1995, 10, 26
1995, 10, 27
1995, 10, 31
1995, 11, 4
1995, 11, 9
1995, 11, 19
1995, 11, 23
1995, 11, 25
1995, 11, 25
1995, 12, 2
1995, 12, 3
1995, 12, 7
1995, 12, 18
1995, 12, 19
1995, 12, 20
1995, 12, 20
1995, 12, 21
1995, 12, 22
1995, 12, 23
1996, 1, 1
1996, 1, 1
1996, 1, 3
1996, 1, 3
1996, 1, 8
1996, 1, 14
1996, 1, 19
1996, 1, 19
1996, 1, 20
1996, 1, 23
1996, 1, 28
1996, 2, 2
1996, 2, 2
1996, 2, 2
1996, 2, 7
1996, 2, 20
1996, 2, 24
1996, 3, 7
1996, 3, 14
1996, 3, 17
1996, 3, 19
1996, 3, 26
1996, 3, 28
1996, 4, 3
1996, 4, 6
1996, 4, 6
1996, 4, 12
1996, 4, 19
1996, 4, 27
1996, 4, 29
1996, 5, 1
1996, 5, 7
1996, 5, 13
1996, 5, 31
1996, 6, 1
1996, 6, 5
1996, 6, 7
1996, 6, 11
1996, 6, 21
1996, 6, 23
1996, 6, 23
1996, 6, 27
1996, 6, 28
1996, 6, 29
1996, 6, 30
1996, 7, 7
1996, 7, 9
1996, 7, 16
1996, 7, 16
1996, 7, 18
1996, 8, 2
1996, 8, 16
1996, 8, 31
1996, 9, 6
1996, 9, 7
1996, 9, 11
1996, 9, 14
1996, 9, 16
1996, 9, 19
1996, 9, 21
1996, 9, 24
1996, 9, 26
1996, 10, 8
1996, 10, 18
1996, 10, 27
1996, 11, 8
1996, 11, 13
1996, 11, 15
1996, 11, 15
1996, 11, 21
1996, 11, 25
1996, 11, 26
1996, 11, 30
1996, 12, 1
1996, 12, 1
1996, 12, 2
1996, 12, 20
1996, 12, 25
1996, 12, 27
1996, 12, 28
1996, 12, 30
1996, 12, 31
1997, 1, 1
1997, 1, 25
1997, 2, 2
1997, 2, 16
1997, 2, 16
1997, 2, 17
1997, 2, 22
1997, 2, 25
1997, 2, 26
1997, 3, 5
1997, 3, 9
1997, 3, 21
1997, 4, 9
1997, 4, 11
1997, 4, 24
1997, 5, 22
1997, 5, 29
1997, 5, 31
1997, 6, 9
1997, 6, 9
1997, 6, 9
1997, 6, 11
1997, 6, 11
1997, 7, 8
1997, 7, 13
1997, 7, 15
1997, 7, 16
1997, 7, 18
1997, 7, 20
1997, 7, 24
1997, 7, 28
1997, 8, 3
1997, 8, 7
1997, 8, 14
1997, 8, 17
1997, 8, 23
1997, 8, 27
1997, 8, 28
1997, 8, 30
1997, 9, 2
1997, 9, 6
1997, 9, 7
1997, 9, 13
1997, 9, 16
1997, 9, 25
1997, 10, 3
1997, 10, 4
1997, 10, 8
1997, 10, 16
1997, 10, 17
1997, 10, 28
1997, 11, 14
1997, 11, 18
1997, 11, 29
1997, 12, 6
1997, 12, 6
1997, 12, 7
1997, 12, 8
1997, 12, 8
1998, 1, 1
1998, 1, 4
1998, 1, 7
1998, 1, 15
1998, 1, 20
1998, 1, 21
1998, 1, 25
1998, 1, 26
1998, 2, 7
1998, 2, 11
1998, 2, 15
1998, 2, 17
1998, 3, 15
1998, 4, 3
1998, 4, 15
1998, 4, 23
1998, 4, 29
1998, 5, 2
1998, 5, 8
1998, 5, 17
1998, 5, 20
1998, 5, 26
1998, 5, 27
1998, 6, 2
1998, 6, 4
1998, 6, 12
1998, 6, 14
1998, 6, 18
1998, 6, 21
1998, 7, 1
1998, 7, 2
1998, 8, 4
1998, 8, 9
1998, 8, 11
1998, 8, 16
1998, 8, 17
1998, 8, 25
1998, 9, 6
1998, 9, 17
1998, 9, 25
1998, 10, 5
1998, 10, 24
1998, 10, 26
1998, 10, 26
1998, 10, 29
1998, 10, 29
1998, 10, 31
1998, 11, 8
1998, 11, 19
1998, 11, 24
1998, 11, 25
1998, 11, 25
1998, 12, 1
1998, 12, 23
1998, 12, 23
1998, 12, 23
1998, 12, 27
1999, 1, 4
1999, 1, 7
1999, 1, 8
1999, 1, 9
1999, 1, 11
1999, 1, 29
1999, 1, 30
1999, 2, 11
1999, 2, 27
1999, 2, 28
1999, 3, 3
1999, 3, 7
1999, 3, 9
1999, 4, 3
1999, 4, 4
1999, 5, 4
1999, 5, 11
1999, 5, 20
1999, 5, 26
1999, 6, 1
1999, 6, 8
1999, 6, 11
1999, 6, 12
1999, 6, 21
1999, 6, 25
1999, 6, 29
1999, 7, 9
1999, 7, 14
1999, 7, 14
1999, 7, 14
1999, 7, 23
1999, 8, 12
1999, 8, 12
1999, 8, 15
1999, 8, 17
1999, 8, 19
1999, 8, 20
1999, 8, 26
1999, 8, 28
1999, 9, 2
1999, 9, 11
1999, 9, 17
1999, 9, 24
1999, 9, 30
1999, 10, 3
1999, 10, 10
1999, 10, 10
1999, 10, 10
1999, 10, 16
1999, 10, 27
1999, 10, 29
1999, 11, 3
1999, 11, 9
1999, 11, 12
1999, 11, 14
1999, 12, 2
1999, 12, 8
1999, 12, 9
1999, 12, 10
1999, 12, 13
1999, 12, 13
1999, 12, 20
1999, 12, 31
2000, 1, 2
2000, 1, 24
2000, 1, 25
2000, 2, 10
2000, 3, 10
2000, 3, 23
2000, 4, 9
2000, 4, 20
2000, 4, 22
2000, 4, 29
2000, 4, 30
2000, 4, 30
2000, 5, 2
2000, 5, 3
2000, 5, 10
2000, 5, 15
2000, 5, 30
2000, 5, 30
2000, 6, 8
2000, 6, 10
2000, 6, 19
2000, 6, 23
2000, 6, 26
2000, 7, 15
2000, 7, 23
2000, 7, 24
2000, 7, 27
2000, 7, 27
2000, 8, 11
2000, 8, 15
2000, 8, 16
2000, 8, 26
2000, 8, 26
2000, 8, 29
2000, 9, 4
2000, 9, 6
2000, 9, 20
2000, 9, 21
2000, 9, 30
2000, 10, 13
2000, 10, 22
2000, 11, 4
2000, 11, 13
2000, 11, 21
2000, 11, 25
2000, 12, 6
2000, 12, 9
2000, 12, 11
2000, 12, 13
2000, 12, 16
2000, 12, 23
2000, 12, 23
2000, 12, 25
2000, 12, 30
2000, 12, 31
2000, 12, 31
2001, 1, 1
2001, 1, 8
2001, 1, 13
2001, 1, 26
2001, 1, 31
2001, 2, 1
2001, 2, 10
2001, 2, 19
2001, 2, 24
2001, 2, 26
2001, 3, 3
2001, 3, 6
2001, 3, 8
2001, 3, 10
2001, 3, 18
2001, 3, 18
2001, 3, 19
2001, 4, 4
2001, 4, 9
2001, 4, 28
2001, 4, 28
2001, 5, 1
2001, 5, 1
2001, 5, 5
2001, 5, 9
2001, 5, 26
2001, 5, 31
2001, 5, 31
2001, 6, 2
2001, 6, 5
2001, 6, 15
2001, 6, 18
2001, 7, 1
2001, 7, 5
2001, 7, 21
2001, 7, 21
2001, 7, 26
2001, 7, 27
2001, 7, 28
2001, 8, 6
2001, 8, 23
2001, 8, 26
2001, 8, 27
2001, 8, 27
2001, 9, 1
2001, 9, 6
2001, 9, 9
2001, 9, 9
2001, 9, 9
2001, 9, 12
2001, 10, 3
2001, 10, 18
2001, 10, 23
2001, 11, 6
2001, 11, 15
2001, 11, 16
2001, 11, 17
2001, 11, 21
2001, 11, 26
2001, 11, 26
2001, 11, 30
2001, 12, 21
2001, 12, 28
2002, 1, 3
2002, 1, 7
2002, 1, 14
2002, 1, 18
2002, 1, 26
2002, 1, 29
2002, 2, 3
2002, 2, 7
2002, 2, 11
2002, 2, 14
2002, 2, 18
2002, 2, 24
2002, 2, 25
2002, 3, 17
2002, 3, 17
2002, 4, 5
2002, 4, 8
2002, 4, 10
2002, 4, 13
2002, 4, 27
2002, 4, 27
2002, 5, 9
2002, 5, 11
2002, 5, 12
2002, 5, 14
2002, 5, 17
2002, 5, 22
2002, 5, 27
2002, 6, 16
2002, 6, 17
2002, 6, 21
2002, 6, 29
2002, 7, 1
2002, 7, 3
2002, 7, 4
2002, 7, 8
2002, 7, 8
2002, 7, 13
2002, 7, 26
2002, 7, 28
2002, 7, 28
2002, 7, 31
2002, 8, 4
2002, 8, 5
2002, 8, 12
2002, 8, 23
2002, 8, 31
2002, 9, 2
2002, 9, 3
2002, 9, 4
2002, 9, 9
2002, 9, 9
2002, 9, 10
2002, 10, 1
2002, 10, 1
2002, 10, 2
2002, 10, 5
2002, 10, 6
2002, 10, 10
2002, 10, 15
2002, 10, 19
2002, 10, 27
2002, 11, 5
2002, 11, 16
2002, 11, 24
2002, 12, 9
2002, 12, 14
2002, 12, 18
2003, 1, 11
2003, 2, 2
2003, 2, 5
2003, 2, 8
2003, 2, 13
2003, 2, 16
2003, 2, 17
2003, 2, 19
2003, 2, 23
2003, 2, 24
2003, 3, 2
2003, 3, 9
2003, 3, 16
2003, 3, 22
2003, 3, 23
2003, 3, 24
2003, 3, 24
2003, 3, 24
2003, 3, 30
2003, 4, 10
2003, 4, 14
2003, 4, 26
2003, 5, 1
2003, 5, 7
2003, 5, 10
2003, 5, 18
2003, 5, 19
2003, 5, 24
2003, 5, 30
2003, 6, 2
2003, 6, 5
2003, 6, 6
2003, 6, 7
2003, 6, 16
2003, 6, 18
2003, 6, 22
2003, 6, 25
2003, 6, 28
2003, 6, 28
2003, 6, 28
2003, 6, 28
2003, 7, 2
2003, 7, 7
2003, 7, 10
2003, 7, 12
2003, 7, 14
2003, 7, 16
2003, 7, 18
2003, 8, 1
2003, 8, 5
2003, 8, 7
2003, 8, 17
2003, 9, 8
2003, 9, 28
2003, 10, 20
2003, 10, 22
2003, 10, 31
2003, 11, 1
2003, 11, 4
2003, 11, 6
2003, 11, 7
2003, 11, 13
2003, 11, 15
2003, 11, 19
2003, 11, 23
2003, 11, 24
2003, 11, 25
2003, 12, 6
2003, 12, 7
2003, 12, 19
